{
  "type": "FeatureCollection",
  "metadados": {
    "atribuicao": "© OpenStreetMap contributors, dado ODbL — http://opendatacommons.org/licenses/odbl/1-0/",
    "extrato_origem": "map_cmasm_2026abr.osm",
    "limites": {
      "minlat": -22.84731,
      "minlon": -43.11868,
      "maxlat": -22.82761,
      "maxlon": -43.09739
    },
    "contagem": {
      "total": 117,
      "poligonos": 39,
      "linhas": 66,
      "pontos": 12
    }
  },
  "features": [
    {
      "type": "Feature",
      "id": 2752505019,
      "properties": {
        "chave": "highway",
        "valor": "services",
        "nome": "Base de Operações da Autopista Fluminense"
      },
      "geometry": {
        "type": "Point",
        "coordinates": [
          -43.09898,
          -22.846982
        ]
      }
    },
    {
      "type": "Feature",
      "id": 2947966069,
      "properties": {
        "chave": "place",
        "valor": "locality",
        "nome": "Ilha das Flores"
      },
      "geometry": {
        "type": "Point",
        "coordinates": [
          -43.100104,
          -22.846145
        ]
      }
    },
    {
      "type": "Feature",
      "id": 10049319675,
      "properties": {
        "chave": "place",
        "valor": "suburb",
        "nome": "Neves I"
      },
      "geometry": {
        "type": "Point",
        "coordinates": [
          -43.0975,
          -22.8443
        ]
      }
    },
    {
      "type": "Feature",
      "id": 13323767070,
      "properties": {
        "chave": "man_made",
        "valor": "storage_tank",
        "nome": "CON"
      },
      "geometry": {
        "type": "Point",
        "coordinates": [
          -43.108072,
          -22.838223
        ]
      }
    },
    {
      "type": "Feature",
      "id": 13323822519,
      "properties": {
        "chave": "landuse",
        "valor": "military",
        "nome": "CMASM"
      },
      "geometry": {
        "type": "Point",
        "coordinates": [
          -43.109186,
          -22.839546
        ]
      }
    },
    {
      "type": "Feature",
      "id": 13380044424,
      "properties": {
        "chave": "man_made",
        "valor": "pumping_station",
        "nome": "CB01"
      },
      "geometry": {
        "type": "Point",
        "coordinates": [
          -43.107528,
          -22.839841
        ]
      }
    },
    {
      "type": "Feature",
      "id": 13482520205,
      "properties": {
        "chave": "man_made",
        "valor": "wastewater_plant",
        "nome": "ETE"
      },
      "geometry": {
        "type": "Point",
        "coordinates": [
          -43.110969,
          -22.835776
        ]
      }
    },
    {
      "type": "Feature",
      "id": 13588504866,
      "properties": {
        "chave": "man_made",
        "valor": "storage_tank",
        "nome": "CB03"
      },
      "geometry": {
        "type": "Point",
        "coordinates": [
          -43.108368,
          -22.838468
        ]
      }
    },
    {
      "type": "Feature",
      "id": 13588504867,
      "properties": {
        "chave": "man_made",
        "valor": "storage_tank",
        "nome": "CIE"
      },
      "geometry": {
        "type": "Point",
        "coordinates": [
          -43.10804,
          -22.838998
        ]
      }
    },
    {
      "type": "Feature",
      "id": 13588504868,
      "properties": {
        "chave": "man_made",
        "valor": "storage_tank",
        "nome": "CAV"
      },
      "geometry": {
        "type": "Point",
        "coordinates": [
          -43.109376,
          -22.837071
        ]
      }
    },
    {
      "type": "Feature",
      "id": 13588504873,
      "properties": {
        "chave": "man_made",
        "valor": "storage_tank",
        "nome": "CBIF"
      },
      "geometry": {
        "type": "Point",
        "coordinates": [
          -43.100456,
          -22.845367
        ]
      }
    },
    {
      "type": "Feature",
      "id": 13588504874,
      "properties": {
        "chave": "man_made",
        "valor": "pumping_station",
        "nome": "CB02"
      },
      "geometry": {
        "type": "Point",
        "coordinates": [
          -43.109002,
          -22.837923
        ]
      }
    },
    {
      "type": "Feature",
      "id": 10938269,
      "properties": {
        "chave": "natural",
        "valor": "coastline",
        "nome": "Ilha Ananaz"
      },
      "geometry": {
        "type": "Polygon",
        "coordinates": [
          [
            [
              -43.106425,
              -22.84797
            ],
            [
              -43.10599,
              -22.84836
            ],
            [
              -43.105652,
              -22.848192
            ],
            [
              -43.105327,
              -22.848223
            ],
            [
              -43.104809,
              -22.847989
            ],
            [
              -43.1045,
              -22.847961
            ],
            [
              -43.104186,
              -22.847816
            ],
            [
              -43.10396,
              -22.847577
            ],
            [
              -43.103725,
              -22.847071
            ],
            [
              -43.10355,
              -22.846664
            ],
            [
              -43.103555,
              -22.846536
            ],
            [
              -43.10355,
              -22.846409
            ],
            [
              -43.103772,
              -22.845909
            ],
            [
              -43.10392,
              -22.845818
            ],
            [
              -43.103969,
              -22.845728
            ],
            [
              -43.104327,
              -22.845858
            ],
            [
              -43.104579,
              -22.845892
            ],
            [
              -43.104789,
              -22.846029
            ],
            [
              -43.105245,
              -22.846057
            ],
            [
              -43.105726,
              -22.846188
            ],
            [
              -43.105837,
              -22.846377
            ],
            [
              -43.105928,
              -22.846432
            ],
            [
              -43.105996,
              -22.846648
            ],
            [
              -43.106178,
              -22.847126
            ],
            [
              -43.106262,
              -22.847367
            ],
            [
              -43.106458,
              -22.847522
            ],
            [
              -43.106425,
              -22.84797
            ]
          ]
        ]
      }
    },
    {
      "type": "Feature",
      "id": 10938336,
      "properties": {
        "chave": "natural",
        "valor": "coastline",
        "nome": "Ilha do Mexingueiro"
      },
      "geometry": {
        "type": "Polygon",
        "coordinates": [
          [
            [
              -43.108361,
              -22.847406
            ],
            [
              -43.108096,
              -22.84731
            ],
            [
              -43.107905,
              -22.847125
            ],
            [
              -43.107648,
              -22.846878
            ],
            [
              -43.107692,
              -22.846755
            ],
            [
              -43.107791,
              -22.84674
            ],
            [
              -43.10784,
              -22.846538
            ],
            [
              -43.108008,
              -22.846492
            ],
            [
              -43.108064,
              -22.846645
            ],
            [
              -43.108218,
              -22.846792
            ],
            [
              -43.108329,
              -22.846917
            ],
            [
              -43.108441,
              -22.847098
            ],
            [
              -43.108383,
              -22.847234
            ],
            [
              -43.108361,
              -22.847406
            ]
          ]
        ]
      }
    },
    {
      "type": "Feature",
      "id": 10938579,
      "properties": {
        "chave": "natural",
        "valor": "coastline",
        "nome": "Ilha do Engenho"
      },
      "geometry": {
        "type": "Polygon",
        "coordinates": [
          [
            [
              -43.107673,
              -22.840148
            ],
            [
              -43.106858,
              -22.839682
            ],
            [
              -43.106744,
              -22.839625
            ],
            [
              -43.106545,
              -22.839558
            ],
            [
              -43.106517,
              -22.839548
            ],
            [
              -43.106488,
              -22.839536
            ],
            [
              -43.106405,
              -22.839497
            ],
            [
              -43.106368,
              -22.839455
            ],
            [
              -43.106367,
              -22.839388
            ],
            [
              -43.106382,
              -22.839278
            ],
            [
              -43.106376,
              -22.839211
            ],
            [
              -43.106347,
              -22.839135
            ],
            [
              -43.106197,
              -22.838859
            ],
            [
              -43.105836,
              -22.83821
            ],
            [
              -43.105807,
              -22.838135
            ],
            [
              -43.105793,
              -22.838061
            ],
            [
              -43.105804,
              -22.837863
            ],
            [
              -43.105813,
              -22.837631
            ],
            [
              -43.105789,
              -22.837303
            ],
            [
              -43.105768,
              -22.837183
            ],
            [
              -43.105699,
              -22.836943
            ],
            [
              -43.105646,
              -22.836795
            ],
            [
              -43.105505,
              -22.836529
            ],
            [
              -43.105414,
              -22.836402
            ],
            [
              -43.105183,
              -22.836182
            ],
            [
              -43.105119,
              -22.836098
            ],
            [
              -43.10509,
              -22.83602
            ],
            [
              -43.105009,
              -22.835631
            ],
            [
              -43.104962,
              -22.835482
            ],
            [
              -43.104778,
              -22.835055
            ],
            [
              -43.104771,
              -22.834982
            ],
            [
              -43.104791,
              -22.834915
            ],
            [
              -43.104874,
              -22.834798
            ],
            [
              -43.105049,
              -22.834628
            ],
            [
              -43.105255,
              -22.834463
            ],
            [
              -43.105414,
              -22.834297
            ],
            [
              -43.105577,
              -22.834115
            ],
            [
              -43.10566,
              -22.833992
            ],
            [
              -43.105711,
              -22.833878
            ],
            [
              -43.105764,
              -22.833806
            ],
            [
              -43.105816,
              -22.833764
            ],
            [
              -43.106002,
              -22.833679
            ],
            [
              -43.106104,
              -22.833662
            ],
            [
              -43.106218,
              -22.833652
            ],
            [
              -43.106317,
              -22.833632
            ],
            [
              -43.106442,
              -22.833577
            ],
            [
              -43.10655,
              -22.833499
            ],
            [
              -43.106647,
              -22.833394
            ],
            [
              -43.106814,
              -22.832981
            ],
            [
              -43.106973,
              -22.832738
            ],
            [
              -43.107214,
              -22.832459
            ],
            [
              -43.107428,
              -22.832328
            ],
            [
              -43.107683,
              -22.8321
            ],
            [
              -43.108388,
              -22.831322
            ],
            [
              -43.108509,
              -22.831236
            ],
            [
              -43.108623,
              -22.831203
            ],
            [
              -43.108754,
              -22.831193
            ],
            [
              -43.109281,
              -22.831213
            ],
            [
              -43.109641,
              -22.831191
            ],
            [
              -43.109775,
              -22.831159
            ],
            [
              -43.109866,
              -22.831097
            ],
            [
              -43.110073,
              -22.830912
            ],
            [
              -43.110148,
              -22.830865
            ],
            [
              -43.110799,
              -22.83059
            ],
            [
              -43.110974,
              -22.830548
            ],
            [
              -43.11136,
              -22.830583
            ],
            [
              -43.11155,
              -22.830635
            ],
            [
              -43.11166,
              -22.830716
            ],
            [
              -43.112084,
              -22.831221
            ],
            [
              -43.112382,
              -22.831708
            ],
            [
              -43.112529,
              -22.831849
            ],
            [
              -43.112706,
              -22.831928
            ],
            [
              -43.113018,
              -22.831982
            ],
            [
              -43.113527,
              -22.831982
            ],
            [
              -43.113892,
              -22.831977
            ],
            [
              -43.114155,
              -22.832041
            ],
            [
              -43.114375,
              -22.83218
            ],
            [
              -43.11467,
              -22.832561
            ],
            [
              -43.115209,
              -22.833436
            ],
            [
              -43.115239,
              -22.833557
            ],
            [
              -43.115212,
              -22.833666
            ],
            [
              -43.114901,
              -22.834049
            ],
            [
              -43.114654,
              -22.834331
            ],
            [
              -43.114336,
              -22.834794
            ],
            [
              -43.114259,
              -22.83485
            ],
            [
              -43.114117,
              -22.834887
            ],
            [
              -43.114017,
              -22.834887
            ],
            [
              -43.113777,
              -22.834742
            ],
            [
              -43.1131,
              -22.834638
            ],
            [
              -43.112822,
              -22.834695
            ],
            [
              -43.112572,
              -22.834876
            ],
            [
              -43.112037,
              -22.835392
            ],
            [
              -43.111611,
              -22.835918
            ],
            [
              -43.111442,
              -22.836206
            ],
            [
              -43.111379,
              -22.836449
            ],
            [
              -43.111392,
              -22.836528
            ],
            [
              -43.111438,
              -22.836585
            ],
            [
              -43.111584,
              -22.836659
            ],
            [
              -43.1116,
              -22.836684
            ],
            [
              -43.1116,
              -22.836733
            ],
            [
              -43.111573,
              -22.83677
            ],
            [
              -43.11134,
              -22.837021
            ],
            [
              -43.110968,
              -22.837488
            ],
            [
              -43.110665,
              -22.837938
            ],
            [
              -43.110282,
              -22.838619
            ],
            [
              -43.10978,
              -22.839401
            ],
            [
              -43.109311,
              -22.840065
            ],
            [
              -43.10919,
              -22.840187
            ],
            [
              -43.109045,
              -22.840246
            ],
            [
              -43.108243,
              -22.840362
            ],
            [
              -43.108072,
              -22.840348
            ],
            [
              -43.108015,
              -22.840323
            ],
            [
              -43.107917,
              -22.840284
            ],
            [
              -43.107673,
              -22.840148
            ]
          ]
        ]
      }
    },
    {
      "type": "Feature",
      "id": 10938690,
      "properties": {
        "chave": "natural",
        "valor": "coastline"
      },
      "geometry": {
        "type": "LineString",
        "coordinates": [
          [
            -43.08207,
            -22.820199
          ],
          [
            -43.082111,
            -22.820229
          ],
          [
            -43.082137,
            -22.820233
          ],
          [
            -43.0822,
            -22.82022
          ],
          [
            -43.082233,
            -22.820221
          ],
          [
            -43.082269,
            -22.820234
          ],
          [
            -43.082716,
            -22.820547
          ],
          [
            -43.082745,
            -22.820554
          ],
          [
            -43.082766,
            -22.820547
          ],
          [
            -43.08286,
            -22.820488
          ],
          [
            -43.082896,
            -22.820477
          ],
          [
            -43.083113,
            -22.820528
          ],
          [
            -43.083983,
            -22.819582
          ],
          [
            -43.084146,
            -22.819712
          ],
          [
            -43.084158,
            -22.8197
          ],
          [
            -43.084232,
            -22.819755
          ],
          [
            -43.084187,
            -22.819802
          ],
          [
            -43.083999,
            -22.819665
          ],
          [
            -43.083961,
            -22.819702
          ],
          [
            -43.083938,
            -22.819684
          ],
          [
            -43.083176,
            -22.820554
          ],
          [
            -43.083664,
            -22.820885
          ],
          [
            -43.083671,
            -22.82089
          ],
          [
            -43.083845,
            -22.820979
          ],
          [
            -43.083956,
            -22.820825
          ],
          [
            -43.083983,
            -22.820835
          ],
          [
            -43.083874,
            -22.820993
          ],
          [
            -43.08403,
            -22.821076
          ],
          [
            -43.084116,
            -22.82092
          ],
          [
            -43.084139,
            -22.820929
          ],
          [
            -43.084066,
            -22.821087
          ],
          [
            -43.084188,
            -22.821127
          ],
          [
            -43.084221,
            -22.821124
          ],
          [
            -43.084242,
            -22.821105
          ],
          [
            -43.084303,
            -22.820974
          ],
          [
            -43.084315,
            -22.820957
          ],
          [
            -43.084339,
            -22.82095
          ],
          [
            -43.084364,
            -22.820953
          ],
          [
            -43.084506,
            -22.821013
          ],
          [
            -43.084524,
            -22.821024
          ],
          [
            -43.084527,
            -22.821043
          ],
          [
            -43.084473,
            -22.821157
          ],
          [
            -43.084467,
            -22.821179
          ],
          [
            -43.084489,
            -22.821188
          ],
          [
            -43.084579,
            -22.821013
          ],
          [
            -43.084601,
            -22.821021
          ],
          [
            -43.084528,
            -22.821204
          ],
          [
            -43.084696,
            -22.821263
          ],
          [
            -43.084747,
            -22.821175
          ],
          [
            -43.084702,
            -22.821265
          ],
          [
            -43.084758,
            -22.821288
          ],
          [
            -43.084787,
            -22.821168
          ],
          [
            -43.084802,
            -22.82117
          ],
          [
            -43.084778,
            -22.821287
          ],
          [
            -43.084842,
            -22.821289
          ],
          [
            -43.08489,
            -22.821072
          ],
          [
            -43.084909,
            -22.821058
          ],
          [
            -43.084865,
            -22.82129
          ],
          [
            -43.084958,
            -22.821287
          ],
          [
            -43.085012,
            -22.821037
          ],
          [
            -43.085028,
            -22.821038
          ],
          [
            -43.084971,
            -22.821287
          ],
          [
            -43.085002,
            -22.821287
          ],
          [
            -43.085027,
            -22.82128
          ],
          [
            -43.085158,
            -22.821135
          ],
          [
            -43.08534,
            -22.821142
          ],
          [
            -43.085525,
            -22.821135
          ],
          [
            -43.085643,
            -22.821209
          ],
          [
            -43.086349,
            -22.821488
          ],
          [
            -43.086512,
            -22.821342
          ],
          [
            -43.08676,
            -22.821012
          ],
          [
            -43.08688,
            -22.820701
          ],
          [
            -43.086982,
            -22.820652
          ],
          [
            -43.086984,
            -22.820861
          ],
          [
            -43.08685,
            -22.821179
          ],
          [
            -43.087121,
            -22.821587
          ],
          [
            -43.087463,
            -22.821926
          ],
          [
            -43.087915,
            -22.82233
          ],
          [
            -43.088135,
            -22.82243
          ],
          [
            -43.088255,
            -22.822403
          ],
          [
            -43.088366,
            -22.822408
          ],
          [
            -43.088498,
            -22.822544
          ],
          [
            -43.088655,
            -22.822523
          ],
          [
            -43.08876,
            -22.822531
          ],
          [
            -43.088898,
            -22.822648
          ],
          [
            -43.08895,
            -22.822618
          ],
          [
            -43.089009,
            -22.822536
          ],
          [
            -43.089222,
            -22.822123
          ],
          [
            -43.089232,
            -22.822075
          ],
          [
            -43.089253,
            -22.822002
          ],
          [
            -43.089291,
            -22.821751
          ],
          [
            -43.089314,
            -22.821715
          ],
          [
            -43.089367,
            -22.82169
          ],
          [
            -43.089426,
            -22.821683
          ],
          [
            -43.089637,
            -22.821698
          ],
          [
            -43.089686,
            -22.821736
          ],
          [
            -43.089707,
            -22.821789
          ],
          [
            -43.089699,
            -22.821841
          ],
          [
            -43.089576,
            -22.82217
          ],
          [
            -43.089509,
            -22.822297
          ],
          [
            -43.08933,
            -22.822558
          ],
          [
            -43.089259,
            -22.822676
          ],
          [
            -43.089234,
            -22.822749
          ],
          [
            -43.089175,
            -22.822989
          ],
          [
            -43.089176,
            -22.823013
          ],
          [
            -43.089182,
            -22.823027
          ],
          [
            -43.089364,
            -22.823168
          ],
          [
            -43.089384,
            -22.823169
          ],
          [
            -43.089404,
            -22.823161
          ],
          [
            -43.089799,
            -22.822624
          ],
          [
            -43.089821,
            -22.822613
          ],
          [
            -43.089842,
            -22.822615
          ],
          [
            -43.08999,
            -22.822694
          ],
          [
            -43.090002,
            -22.822711
          ],
          [
            -43.089997,
            -22.822732
          ],
          [
            -43.089604,
            -22.823262
          ],
          [
            -43.089605,
            -22.823289
          ],
          [
            -43.089619,
            -22.823312
          ],
          [
            -43.089642,
            -22.823319
          ],
          [
            -43.089661,
            -22.823319
          ],
          [
            -43.089685,
            -22.8233
          ],
          [
            -43.089809,
            -22.823189
          ],
          [
            -43.089896,
            -22.823154
          ],
          [
            -43.089968,
            -22.823144
          ],
          [
            -43.090043,
            -22.823147
          ],
          [
            -43.09012,
            -22.823171
          ],
          [
            -43.090244,
            -22.823244
          ],
          [
            -43.090421,
            -22.823398
          ],
          [
            -43.090472,
            -22.823461
          ],
          [
            -43.090702,
            -22.823745
          ],
          [
            -43.090873,
            -22.823955
          ],
          [
            -43.091088,
            -22.824181
          ],
          [
            -43.091124,
            -22.824214
          ],
          [
            -43.091252,
            -22.82433
          ],
          [
            -43.091443,
            -22.824453
          ],
          [
            -43.092048,
            -22.82477
          ],
          [
            -43.092634,
            -22.825021
          ],
          [
            -43.092716,
            -22.825049
          ],
          [
            -43.09356,
            -22.825336
          ],
          [
            -43.09363,
            -22.825354
          ],
          [
            -43.093805,
            -22.825394
          ],
          [
            -43.094174,
            -22.825464
          ],
          [
            -43.09426,
            -22.825484
          ],
          [
            -43.094318,
            -22.825496
          ],
          [
            -43.094442,
            -22.825526
          ],
          [
            -43.094521,
            -22.825566
          ],
          [
            -43.095159,
            -22.826002
          ],
          [
            -43.095202,
            -22.82605
          ],
          [
            -43.095236,
            -22.826129
          ],
          [
            -43.095342,
            -22.826345
          ],
          [
            -43.095351,
            -22.826364
          ],
          [
            -43.095526,
            -22.826751
          ],
          [
            -43.09554,
            -22.826782
          ],
          [
            -43.095711,
            -22.827037
          ],
          [
            -43.0958,
            -22.827162
          ],
          [
            -43.095827,
            -22.827191
          ],
          [
            -43.096125,
            -22.827493
          ],
          [
            -43.09616,
            -22.827525
          ],
          [
            -43.096284,
            -22.827626
          ],
          [
            -43.096313,
            -22.827636
          ],
          [
            -43.096337,
            -22.827635
          ],
          [
            -43.096527,
            -22.827516
          ],
          [
            -43.096556,
            -22.827512
          ],
          [
            -43.096586,
            -22.827523
          ],
          [
            -43.096891,
            -22.827867
          ],
          [
            -43.097107,
            -22.828067
          ],
          [
            -43.097117,
            -22.828088
          ],
          [
            -43.097107,
            -22.828107
          ],
          [
            -43.096864,
            -22.828278
          ],
          [
            -43.096835,
            -22.82833
          ],
          [
            -43.096835,
            -22.828381
          ],
          [
            -43.096908,
            -22.828777
          ],
          [
            -43.096924,
            -22.828845
          ],
          [
            -43.096949,
            -22.828886
          ],
          [
            -43.096978,
            -22.828921
          ],
          [
            -43.097003,
            -22.828951
          ],
          [
            -43.097273,
            -22.829275
          ],
          [
            -43.097303,
            -22.829322
          ],
          [
            -43.09732,
            -22.829381
          ],
          [
            -43.097362,
            -22.829909
          ],
          [
            -43.097437,
            -22.830311
          ],
          [
            -43.09745,
            -22.830352
          ],
          [
            -43.097494,
            -22.8304
          ],
          [
            -43.097565,
            -22.830441
          ],
          [
            -43.098408,
            -22.83075
          ],
          [
            -43.098424,
            -22.830768
          ],
          [
            -43.09842,
            -22.830791
          ],
          [
            -43.098023,
            -22.831756
          ],
          [
            -43.097985,
            -22.831793
          ],
          [
            -43.097928,
            -22.831795
          ],
          [
            -43.097606,
            -22.831715
          ],
          [
            -43.097528,
            -22.831707
          ],
          [
            -43.097449,
            -22.831718
          ],
          [
            -43.097396,
            -22.831748
          ],
          [
            -43.097042,
            -22.832098
          ],
          [
            -43.096822,
            -22.832341
          ],
          [
            -43.096778,
            -22.832431
          ],
          [
            -43.096781,
            -22.832542
          ],
          [
            -43.096796,
            -22.83279
          ],
          [
            -43.096817,
            -22.833022
          ],
          [
            -43.096833,
            -22.833065
          ],
          [
            -43.096875,
            -22.833098
          ],
          [
            -43.096997,
            -22.833158
          ],
          [
            -43.097034,
            -22.833193
          ],
          [
            -43.09704,
            -22.833234
          ],
          [
            -43.097033,
            -22.833348
          ],
          [
            -43.097049,
            -22.833391
          ],
          [
            -43.097077,
            -22.833426
          ],
          [
            -43.097132,
            -22.833469
          ],
          [
            -43.097349,
            -22.833601
          ],
          [
            -43.097441,
            -22.833644
          ],
          [
            -43.097647,
            -22.833713
          ],
          [
            -43.097661,
            -22.833726
          ],
          [
            -43.097662,
            -22.83375
          ],
          [
            -43.097597,
            -22.833876
          ],
          [
            -43.097573,
            -22.833923
          ],
          [
            -43.097486,
            -22.834092
          ],
          [
            -43.097431,
            -22.834129
          ],
          [
            -43.09735,
            -22.834133
          ],
          [
            -43.097246,
            -22.834109
          ],
          [
            -43.096624,
            -22.833857
          ],
          [
            -43.096479,
            -22.833806
          ],
          [
            -43.096389,
            -22.833792
          ],
          [
            -43.095976,
            -22.83381
          ],
          [
            -43.095897,
            -22.833825
          ],
          [
            -43.095833,
            -22.833879
          ],
          [
            -43.095526,
            -22.834478
          ],
          [
            -43.095337,
            -22.834763
          ],
          [
            -43.09532,
            -22.834791
          ],
          [
            -43.095319,
            -22.834807
          ],
          [
            -43.095326,
            -22.834824
          ],
          [
            -43.095347,
            -22.83484
          ],
          [
            -43.095606,
            -22.834965
          ]
        ]
      }
    },
    {
      "type": "Feature",
      "id": 10939063,
      "properties": {
        "chave": "natural",
        "valor": "coastline",
        "nome": "Ilha do Tavares"
      },
      "geometry": {
        "type": "Polygon",
        "coordinates": [
          [
            [
              -43.102298,
              -22.829778
            ],
            [
              -43.101849,
              -22.829498
            ],
            [
              -43.101489,
              -22.829223
            ],
            [
              -43.10135,
              -22.829072
            ],
            [
              -43.101259,
              -22.828917
            ],
            [
              -43.101082,
              -22.828553
            ],
            [
              -43.100956,
              -22.828356
            ],
            [
              -43.100768,
              -22.828116
            ],
            [
              -43.100333,
              -22.827705
            ],
            [
              -43.099759,
              -22.827265
            ],
            [
              -43.09951,
              -22.82709
            ],
            [
              -43.099207,
              -22.826917
            ],
            [
              -43.098947,
              -22.826798
            ],
            [
              -43.098595,
              -22.826657
            ],
            [
              -43.098378,
              -22.826553
            ],
            [
              -43.098298,
              -22.826505
            ],
            [
              -43.09821,
              -22.826425
            ],
            [
              -43.098122,
              -22.826307
            ],
            [
              -43.098037,
              -22.8262
            ],
            [
              -43.097966,
              -22.826119
            ],
            [
              -43.097893,
              -22.826066
            ],
            [
              -43.097776,
              -22.825996
            ],
            [
              -43.097628,
              -22.825892
            ],
            [
              -43.0975,
              -22.825738
            ],
            [
              -43.097427,
              -22.825624
            ],
            [
              -43.09738,
              -22.825495
            ],
            [
              -43.097354,
              -22.82528
            ],
            [
              -43.0973,
              -22.825131
            ],
            [
              -43.097242,
              -22.825033
            ],
            [
              -43.097171,
              -22.824975
            ],
            [
              -43.097076,
              -22.824927
            ],
            [
              -43.096965,
              -22.824898
            ],
            [
              -43.096887,
              -22.824879
            ],
            [
              -43.096859,
              -22.824863
            ],
            [
              -43.096832,
              -22.824835
            ],
            [
              -43.096778,
              -22.824766
            ],
            [
              -43.096735,
              -22.824726
            ],
            [
              -43.096678,
              -22.824686
            ],
            [
              -43.096587,
              -22.824647
            ],
            [
              -43.096552,
              -22.824635
            ],
            [
              -43.096545,
              -22.824622
            ],
            [
              -43.096544,
              -22.824607
            ],
            [
              -43.096551,
              -22.82459
            ],
            [
              -43.096578,
              -22.824551
            ],
            [
              -43.096639,
              -22.824479
            ],
            [
              -43.096657,
              -22.824406
            ],
            [
              -43.096624,
              -22.824228
            ],
            [
              -43.096565,
              -22.823954
            ],
            [
              -43.096507,
              -22.823746
            ],
            [
              -43.096342,
              -22.823412
            ],
            [
              -43.096091,
              -22.823135
            ],
            [
              -43.09594,
              -22.823058
            ],
            [
              -43.095685,
              -22.823009
            ],
            [
              -43.095476,
              -22.822998
            ],
            [
              -43.095202,
              -22.823026
            ],
            [
              -43.094982,
              -22.823035
            ],
            [
              -43.094822,
              -22.823016
            ],
            [
              -43.094557,
              -22.822928
            ],
            [
              -43.094341,
              -22.822803
            ],
            [
              -43.094128,
              -22.822665
            ],
            [
              -43.093955,
              -22.822541
            ],
            [
              -43.093805,
              -22.822408
            ],
            [
              -43.093644,
              -22.822306
            ],
            [
              -43.093443,
              -22.822205
            ],
            [
              -43.093372,
              -22.822169
            ],
            [
              -43.093316,
              -22.82211
            ],
            [
              -43.093246,
              -22.821984
            ],
            [
              -43.093224,
              -22.821855
            ],
            [
              -43.093214,
              -22.82174
            ],
            [
              -43.093267,
              -22.821301
            ],
            [
              -43.093362,
              -22.82087
            ],
            [
              -43.093407,
              -22.820719
            ],
            [
              -43.093458,
              -22.820604
            ],
            [
              -43.09355,
              -22.820463
            ],
            [
              -43.093779,
              -22.820244
            ],
            [
              -43.094325,
              -22.819844
            ],
            [
              -43.094687,
              -22.819557
            ],
            [
              -43.095012,
              -22.819359
            ],
            [
              -43.095237,
              -22.81927
            ],
            [
              -43.095417,
              -22.819228
            ],
            [
              -43.095602,
              -22.819241
            ],
            [
              -43.095783,
              -22.819314
            ],
            [
              -43.095943,
              -22.819448
            ],
            [
              -43.096066,
              -22.819601
            ],
            [
              -43.096208,
              -22.819851
            ],
            [
              -43.096447,
              -22.820252
            ],
            [
              -43.096667,
              -22.820709
            ],
            [
              -43.097045,
              -22.821475
            ],
            [
              -43.097477,
              -22.822403
            ],
            [
              -43.097565,
              -22.822605
            ],
            [
              -43.097627,
              -22.822719
            ],
            [
              -43.097726,
              -22.822808
            ],
            [
              -43.098016,
              -22.822954
            ],
            [
              -43.098237,
              -22.823077
            ],
            [
              -43.098315,
              -22.823108
            ],
            [
              -43.098383,
              -22.823131
            ],
            [
              -43.098512,
              -22.823147
            ],
            [
              -43.098755,
              -22.823155
            ],
            [
              -43.098991,
              -22.82318
            ],
            [
              -43.099165,
              -22.823218
            ],
            [
              -43.099326,
              -22.823304
            ],
            [
              -43.099415,
              -22.823376
            ],
            [
              -43.099487,
              -22.823475
            ],
            [
              -43.099552,
              -22.823531
            ],
            [
              -43.099656,
              -22.823592
            ],
            [
              -43.099801,
              -22.82362
            ],
            [
              -43.099975,
              -22.823663
            ],
            [
              -43.100114,
              -22.823741
            ],
            [
              -43.100206,
              -22.823838
            ],
            [
              -43.100248,
              -22.823982
            ],
            [
              -43.100273,
              -22.824143
            ],
            [
              -43.100328,
              -22.824331
            ],
            [
              -43.100388,
              -22.824424
            ],
            [
              -43.100465,
              -22.82448
            ],
            [
              -43.100564,
              -22.824515
            ],
            [
              -43.100784,
              -22.824547
            ],
            [
              -43.100936,
              -22.824572
            ],
            [
              -43.100995,
              -22.824593
            ],
            [
              -43.101019,
              -22.824619
            ],
            [
              -43.101039,
              -22.824665
            ],
            [
              -43.101039,
              -22.824773
            ],
            [
              -43.101017,
              -22.824932
            ],
            [
              -43.10102,
              -22.825228
            ],
            [
              -43.101068,
              -22.825634
            ],
            [
              -43.101205,
              -22.826143
            ],
            [
              -43.101465,
              -22.826932
            ],
            [
              -43.101693,
              -22.827635
            ],
            [
              -43.101748,
              -22.827761
            ],
            [
              -43.101854,
              -22.827945
            ],
            [
              -43.101895,
              -22.827993
            ],
            [
              -43.101937,
              -22.828018
            ],
            [
              -43.101998,
              -22.828035
            ],
            [
              -43.102163,
              -22.828049
            ],
            [
              -43.10225,
              -22.828076
            ],
            [
              -43.102316,
              -22.828118
            ],
            [
              -43.102346,
              -22.828158
            ],
            [
              -43.102371,
              -22.828211
            ],
            [
              -43.102409,
              -22.828354
            ],
            [
              -43.102458,
              -22.828484
            ],
            [
              -43.102519,
              -22.828608
            ],
            [
              -43.102588,
              -22.828718
            ],
            [
              -43.102714,
              -22.828866
            ],
            [
              -43.102817,
              -22.828969
            ],
            [
              -43.102931,
              -22.829028
            ],
            [
              -43.103076,
              -22.829066
            ],
            [
              -43.103512,
              -22.829159
            ],
            [
              -43.103747,
              -22.829216
            ],
            [
              -43.103883,
              -22.829263
            ],
            [
              -43.104035,
              -22.829351
            ],
            [
              -43.104129,
              -22.829416
            ],
            [
              -43.104202,
              -22.829487
            ],
            [
              -43.104213,
              -22.829532
            ],
            [
              -43.104195,
              -22.829573
            ],
            [
              -43.104161,
              -22.829592
            ],
            [
              -43.104004,
              -22.829605
            ],
            [
              -43.103842,
              -22.829631
            ],
            [
              -43.103696,
              -22.829669
            ],
            [
              -43.103556,
              -22.829739
            ],
            [
              -43.103421,
              -22.829813
            ],
            [
              -43.103321,
              -22.829878
            ],
            [
              -43.103262,
              -22.829904
            ],
            [
              -43.103187,
              -22.82992
            ],
            [
              -43.103079,
              -22.829924
            ],
            [
              -43.102882,
              -22.829907
            ],
            [
              -43.102595,
              -22.829864
            ],
            [
              -43.102446,
              -22.829834
            ],
            [
              -43.102298,
              -22.829778
            ]
          ]
        ]
      }
    },
    {
      "type": "Feature",
      "id": 103428642,
      "properties": {
        "chave": "highway",
        "valor": "motorway",
        "nome": "Rodovia Governador Mário Covas"
      },
      "geometry": {
        "type": "LineString",
        "coordinates": [
          [
            -43.096389,
            -22.840828
          ],
          [
            -43.097215,
            -22.842835
          ],
          [
            -43.097717,
            -22.843895
          ],
          [
            -43.097747,
            -22.843959
          ],
          [
            -43.097833,
            -22.844139
          ]
        ]
      }
    },
    {
      "type": "Feature",
      "id": 172091099,
      "properties": {
        "chave": "highway",
        "valor": "motorway",
        "nome": "Rodovia Governador Mário Covas"
      },
      "geometry": {
        "type": "LineString",
        "coordinates": [
          [
            -43.097953,
            -22.844395
          ],
          [
            -43.098579,
            -22.845535
          ],
          [
            -43.098614,
            -22.845604
          ],
          [
            -43.098939,
            -22.846183
          ],
          [
            -43.099271,
            -22.846794
          ],
          [
            -43.099408,
            -22.847067
          ],
          [
            -43.099494,
            -22.84726
          ],
          [
            -43.099577,
            -22.847464
          ],
          [
            -43.099679,
            -22.847783
          ],
          [
            -43.099755,
            -22.848056
          ],
          [
            -43.099813,
            -22.84832
          ],
          [
            -43.099868,
            -22.84864
          ],
          [
            -43.099947,
            -22.849367
          ],
          [
            -43.100106,
            -22.850468
          ],
          [
            -43.100126,
            -22.850566
          ],
          [
            -43.100161,
            -22.850704
          ],
          [
            -43.100194,
            -22.850812
          ],
          [
            -43.100322,
            -22.851194
          ],
          [
            -43.100443,
            -22.851504
          ],
          [
            -43.100487,
            -22.851609
          ],
          [
            -43.100541,
            -22.851722
          ],
          [
            -43.10058,
            -22.851795
          ],
          [
            -43.100627,
            -22.851883
          ],
          [
            -43.100838,
            -22.852229
          ],
          [
            -43.101205,
            -22.852812
          ],
          [
            -43.102004,
            -22.854078
          ],
          [
            -43.102585,
            -22.854978
          ]
        ]
      }
    },
    {
      "type": "Feature",
      "id": 172091106,
      "properties": {
        "chave": "highway",
        "valor": "motorway",
        "nome": "Rodovia Governador Mário Covas"
      },
      "geometry": {
        "type": "LineString",
        "coordinates": [
          [
            -43.097833,
            -22.844139
          ],
          [
            -43.097953,
            -22.844395
          ]
        ]
      }
    },
    {
      "type": "Feature",
      "id": 172091109,
      "properties": {
        "chave": "highway",
        "valor": "motorway",
        "nome": "Rodovia Governador Mário Covas"
      },
      "geometry": {
        "type": "LineString",
        "coordinates": [
          [
            -43.097818,
            -22.844429
          ],
          [
            -43.097678,
            -22.844157
          ]
        ]
      }
    },
    {
      "type": "Feature",
      "id": 176501818,
      "properties": {
        "chave": "highway",
        "valor": "tertiary",
        "nome": "Avenida Paiva"
      },
      "geometry": {
        "type": "LineString",
        "coordinates": [
          [
            -43.097967,
            -22.844236
          ],
          [
            -43.09743,
            -22.844364
          ],
          [
            -43.097036,
            -22.844473
          ],
          [
            -43.096948,
            -22.8445
          ]
        ]
      }
    },
    {
      "type": "Feature",
      "id": 176501820,
      "properties": {
        "chave": "highway",
        "valor": "motorway_link",
        "nome": "Via Marginal Governador Mário Covas"
      },
      "geometry": {
        "type": "LineString",
        "coordinates": [
          [
            -43.098551,
            -22.844225
          ],
          [
            -43.098523,
            -22.844321
          ],
          [
            -43.098522,
            -22.844385
          ],
          [
            -43.098536,
            -22.844449
          ],
          [
            -43.098566,
            -22.844512
          ],
          [
            -43.098599,
            -22.844562
          ],
          [
            -43.09909,
            -22.845181
          ],
          [
            -43.099163,
            -22.845309
          ],
          [
            -43.099171,
            -22.845389
          ],
          [
            -43.099165,
            -22.845455
          ],
          [
            -43.09915,
            -22.84551
          ],
          [
            -43.099092,
            -22.845607
          ],
          [
            -43.099048,
            -22.845658
          ],
          [
            -43.09901,
            -22.845715
          ],
          [
            -43.09895,
            -22.845819
          ],
          [
            -43.09894,
            -22.845878
          ],
          [
            -43.098936,
            -22.845936
          ],
          [
            -43.09894,
            -22.846023
          ],
          [
            -43.098939,
            -22.846183
          ]
        ]
      }
    },
    {
      "type": "Feature",
      "id": 176501821,
      "properties": {
        "chave": "highway",
        "valor": "motorway_link",
        "nome": "Via Marginal Governador Mário Covas"
      },
      "geometry": {
        "type": "LineString",
        "coordinates": [
          [
            -43.098579,
            -22.845535
          ],
          [
            -43.098669,
            -22.845591
          ],
          [
            -43.098739,
            -22.845626
          ],
          [
            -43.09882,
            -22.845649
          ],
          [
            -43.098887,
            -22.845651
          ],
          [
            -43.09895,
            -22.845639
          ],
          [
            -43.09899,
            -22.845626
          ],
          [
            -43.099024,
            -22.845601
          ],
          [
            -43.099048,
            -22.845571
          ],
          [
            -43.09908,
            -22.845527
          ],
          [
            -43.099106,
            -22.84547
          ],
          [
            -43.099121,
            -22.84541
          ],
          [
            -43.099123,
            -22.845358
          ],
          [
            -43.099113,
            -22.845321
          ],
          [
            -43.099092,
            -22.845281
          ],
          [
            -43.099062,
            -22.84524
          ],
          [
            -43.098973,
            -22.845127
          ],
          [
            -43.098612,
            -22.844681
          ],
          [
            -43.098409,
            -22.844401
          ],
          [
            -43.098307,
            -22.844271
          ]
        ]
      }
    },
    {
      "type": "Feature",
      "id": 176501838,
      "properties": {
        "chave": "highway",
        "valor": "tertiary"
      },
      "geometry": {
        "type": "LineString",
        "coordinates": [
          [
            -43.09852,
            -22.843999
          ],
          [
            -43.098559,
            -22.844041
          ],
          [
            -43.098581,
            -22.844093
          ],
          [
            -43.098583,
            -22.844149
          ],
          [
            -43.098572,
            -22.844189
          ],
          [
            -43.098551,
            -22.844225
          ],
          [
            -43.098513,
            -22.844261
          ],
          [
            -43.098465,
            -22.844285
          ],
          [
            -43.098412,
            -22.844295
          ],
          [
            -43.098358,
            -22.844291
          ],
          [
            -43.098307,
            -22.844271
          ],
          [
            -43.098264,
            -22.844238
          ],
          [
            -43.098234,
            -22.844194
          ],
          [
            -43.09822,
            -22.844144
          ],
          [
            -43.098223,
            -22.844092
          ],
          [
            -43.098243,
            -22.844044
          ],
          [
            -43.098271,
            -22.84401
          ],
          [
            -43.098307,
            -22.843983
          ],
          [
            -43.09835,
            -22.843966
          ],
          [
            -43.09841,
            -22.843959
          ],
          [
            -43.098468,
            -22.843971
          ],
          [
            -43.09852,
            -22.843999
          ]
        ]
      }
    },
    {
      "type": "Feature",
      "id": 176501861,
      "properties": {
        "chave": "highway",
        "valor": "service"
      },
      "geometry": {
        "type": "LineString",
        "coordinates": [
          [
            -43.09835,
            -22.843966
          ],
          [
            -43.098176,
            -22.843805
          ],
          [
            -43.098156,
            -22.8437
          ],
          [
            -43.098195,
            -22.843599
          ],
          [
            -43.098438,
            -22.843498
          ],
          [
            -43.099525,
            -22.844841
          ],
          [
            -43.099767,
            -22.844971
          ],
          [
            -43.100083,
            -22.845119
          ],
          [
            -43.100162,
            -22.845345
          ],
          [
            -43.100248,
            -22.845593
          ],
          [
            -43.100292,
            -22.845722
          ],
          [
            -43.100688,
            -22.846098
          ],
          [
            -43.100752,
            -22.846159
          ],
          [
            -43.101612,
            -22.846841
          ]
        ]
      }
    },
    {
      "type": "Feature",
      "id": 176501874,
      "properties": {
        "chave": "highway",
        "valor": "service"
      },
      "geometry": {
        "type": "LineString",
        "coordinates": [
          [
            -43.098583,
            -22.844149
          ],
          [
            -43.098672,
            -22.844195
          ],
          [
            -43.098772,
            -22.844295
          ],
          [
            -43.099346,
            -22.845209
          ],
          [
            -43.099393,
            -22.845284
          ],
          [
            -43.099552,
            -22.845655
          ],
          [
            -43.099579,
            -22.845737
          ],
          [
            -43.099668,
            -22.845807
          ],
          [
            -43.099822,
            -22.845842
          ],
          [
            -43.100248,
            -22.845593
          ]
        ]
      }
    },
    {
      "type": "Feature",
      "id": 186450284,
      "properties": {
        "chave": "man_made",
        "valor": "pipeline"
      },
      "geometry": {
        "type": "LineString",
        "coordinates": [
          [
            -43.099597,
            -22.842911
          ],
          [
            -43.103695,
            -22.840521
          ],
          [
            -43.106224,
            -22.83878
          ]
        ]
      }
    },
    {
      "type": "Feature",
      "id": 187152697,
      "properties": {
        "chave": "highway",
        "valor": "motorway",
        "nome": "Rodovia Governador Mário Covas"
      },
      "geometry": {
        "type": "LineString",
        "coordinates": [
          [
            -43.102439,
            -22.855061
          ],
          [
            -43.102321,
            -22.854885
          ],
          [
            -43.102064,
            -22.854485
          ],
          [
            -43.10083,
            -22.852555
          ],
          [
            -43.100677,
            -22.852313
          ],
          [
            -43.100541,
            -22.852085
          ],
          [
            -43.100447,
            -22.851926
          ],
          [
            -43.100404,
            -22.851843
          ],
          [
            -43.100313,
            -22.851638
          ],
          [
            -43.100192,
            -22.851367
          ],
          [
            -43.100109,
            -22.851139
          ],
          [
            -43.100054,
            -22.850962
          ],
          [
            -43.100024,
            -22.85087
          ],
          [
            -43.1,
            -22.850778
          ],
          [
            -43.099955,
            -22.850559
          ],
          [
            -43.099897,
            -22.850236
          ],
          [
            -43.099806,
            -22.849631
          ],
          [
            -43.099759,
            -22.849142
          ],
          [
            -43.099712,
            -22.848746
          ],
          [
            -43.099686,
            -22.848594
          ],
          [
            -43.099662,
            -22.848457
          ],
          [
            -43.099643,
            -22.84835
          ],
          [
            -43.099601,
            -22.848163
          ],
          [
            -43.099568,
            -22.848028
          ],
          [
            -43.099515,
            -22.847828
          ],
          [
            -43.099466,
            -22.847668
          ],
          [
            -43.099415,
            -22.847533
          ],
          [
            -43.099356,
            -22.847385
          ],
          [
            -43.099268,
            -22.847181
          ],
          [
            -43.09919,
            -22.847027
          ],
          [
            -43.099118,
            -22.846882
          ],
          [
            -43.098452,
            -22.845665
          ],
          [
            -43.097818,
            -22.844429
          ]
        ]
      }
    },
    {
      "type": "Feature",
      "id": 202289722,
      "properties": {
        "chave": "man_made",
        "valor": "pier"
      },
      "geometry": {
        "type": "Polygon",
        "coordinates": [
          [
            [
              -43.097252,
              -22.832602
            ],
            [
              -43.097805,
              -22.832805
            ],
            [
              -43.097801,
              -22.832818
            ],
            [
              -43.096921,
              -22.832496
            ],
            [
              -43.096778,
              -22.832431
            ],
            [
              -43.096822,
              -22.832341
            ],
            [
              -43.096918,
              -22.832384
            ],
            [
              -43.09695,
              -22.8324
            ],
            [
              -43.096918,
              -22.832472
            ],
            [
              -43.097252,
              -22.832602
            ]
          ]
        ]
      }
    },
    {
      "type": "Feature",
      "id": 202317160,
      "properties": {
        "chave": "man_made",
        "valor": "pier"
      },
      "geometry": {
        "type": "Polygon",
        "coordinates": [
          [
            [
              -43.097597,
              -22.833876
            ],
            [
              -43.098421,
              -22.834354
            ],
            [
              -43.098445,
              -22.834313
            ],
            [
              -43.098658,
              -22.834443
            ],
            [
              -43.098603,
              -22.834521
            ],
            [
              -43.097573,
              -22.833923
            ],
            [
              -43.097597,
              -22.833876
            ]
          ]
        ]
      }
    },
    {
      "type": "Feature",
      "id": 202317778,
      "properties": {
        "chave": "building",
        "valor": "industrial"
      },
      "geometry": {
        "type": "Polygon",
        "coordinates": [
          [
            [
              -43.097341,
              -22.845595
            ],
            [
              -43.096934,
              -22.845684
            ],
            [
              -43.097008,
              -22.845968
            ],
            [
              -43.097415,
              -22.845879
            ],
            [
              -43.097341,
              -22.845595
            ]
          ]
        ]
      }
    },
    {
      "type": "Feature",
      "id": 202317783,
      "properties": {
        "chave": "building",
        "valor": "yes"
      },
      "geometry": {
        "type": "Polygon",
        "coordinates": [
          [
            [
              -43.097586,
              -22.845868
            ],
            [
              -43.097038,
              -22.846129
            ],
            [
              -43.097091,
              -22.846224
            ],
            [
              -43.09764,
              -22.845963
            ],
            [
              -43.097586,
              -22.845868
            ]
          ]
        ]
      }
    },
    {
      "type": "Feature",
      "id": 202552368,
      "properties": {
        "chave": "landuse",
        "valor": "grass"
      },
      "geometry": {
        "type": "Polygon",
        "coordinates": [
          [
            [
              -43.097623,
              -22.844228
            ],
            [
              -43.097124,
              -22.843203
            ],
            [
              -43.096998,
              -22.843136
            ],
            [
              -43.096875,
              -22.843146
            ],
            [
              -43.096756,
              -22.843233
            ],
            [
              -43.096727,
              -22.843356
            ],
            [
              -43.096951,
              -22.844065
            ],
            [
              -43.097056,
              -22.844212
            ],
            [
              -43.097211,
              -22.844288
            ],
            [
              -43.097388,
              -22.844311
            ],
            [
              -43.097623,
              -22.844228
            ]
          ]
        ]
      }
    },
    {
      "type": "Feature",
      "id": 202552374,
      "properties": {
        "chave": "natural",
        "valor": "scrub"
      },
      "geometry": {
        "type": "Polygon",
        "coordinates": [
          [
            [
              -43.096928,
              -22.846444
            ],
            [
              -43.096386,
              -22.846632
            ],
            [
              -43.095984,
              -22.846145
            ],
            [
              -43.095759,
              -22.845952
            ],
            [
              -43.095136,
              -22.846136
            ],
            [
              -43.095468,
              -22.847054
            ],
            [
              -43.094722,
              -22.847341
            ],
            [
              -43.094201,
              -22.847598
            ],
            [
              -43.093827,
              -22.847832
            ],
            [
              -43.093966,
              -22.847839
            ],
            [
              -43.094073,
              -22.847793
            ],
            [
              -43.094285,
              -22.847979
            ],
            [
              -43.094341,
              -22.847943
            ],
            [
              -43.094602,
              -22.848067
            ],
            [
              -43.094613,
              -22.84812
            ],
            [
              -43.094812,
              -22.848195
            ],
            [
              -43.094935,
              -22.848268
            ],
            [
              -43.095108,
              -22.848277
            ],
            [
              -43.095292,
              -22.848201
            ],
            [
              -43.095352,
              -22.848158
            ],
            [
              -43.095454,
              -22.848212
            ],
            [
              -43.095526,
              -22.848179
            ],
            [
              -43.09578,
              -22.848393
            ],
            [
              -43.096016,
              -22.848638
            ],
            [
              -43.096153,
              -22.848624
            ],
            [
              -43.09632,
              -22.848663
            ],
            [
              -43.096502,
              -22.84864
            ],
            [
              -43.096682,
              -22.848547
            ],
            [
              -43.096847,
              -22.84853
            ],
            [
              -43.096995,
              -22.84867
            ],
            [
              -43.097276,
              -22.849235
            ],
            [
              -43.097454,
              -22.849285
            ],
            [
              -43.097681,
              -22.849457
            ],
            [
              -43.097925,
              -22.849586
            ],
            [
              -43.098312,
              -22.849599
            ],
            [
              -43.098376,
              -22.84953
            ],
            [
              -43.098474,
              -22.849353
            ],
            [
              -43.098558,
              -22.849069
            ],
            [
              -43.098466,
              -22.848546
            ],
            [
              -43.098297,
              -22.848421
            ],
            [
              -43.098279,
              -22.848353
            ],
            [
              -43.097928,
              -22.848101
            ],
            [
              -43.09782,
              -22.847898
            ],
            [
              -43.09778,
              -22.847824
            ],
            [
              -43.097775,
              -22.847666
            ],
            [
              -43.098088,
              -22.847304
            ],
            [
              -43.098086,
              -22.847157
            ],
            [
              -43.097887,
              -22.846803
            ],
            [
              -43.097637,
              -22.846907
            ],
            [
              -43.097105,
              -22.846764
            ],
            [
              -43.096928,
              -22.846444
            ]
          ]
        ]
      }
    },
    {
      "type": "Feature",
      "id": 249350741,
      "properties": {
        "chave": "highway",
        "valor": "motorway_link",
        "nome": "Via Marginal Governador Mário Covas"
      },
      "geometry": {
        "type": "LineString",
        "coordinates": [
          [
            -43.097003,
            -22.84424
          ],
          [
            -43.097117,
            -22.8443
          ],
          [
            -43.097251,
            -22.844336
          ],
          [
            -43.09743,
            -22.844364
          ]
        ]
      }
    },
    {
      "type": "Feature",
      "id": 251532019,
      "properties": {
        "chave": "natural",
        "valor": "wood"
      },
      "geometry": {
        "type": "Polygon",
        "coordinates": [
          [
            [
              -43.1131,
              -22.834638
            ],
            [
              -43.113777,
              -22.834742
            ],
            [
              -43.114017,
              -22.834887
            ],
            [
              -43.114117,
              -22.834887
            ],
            [
              -43.114259,
              -22.83485
            ],
            [
              -43.114336,
              -22.834794
            ],
            [
              -43.114654,
              -22.834331
            ],
            [
              -43.114901,
              -22.834049
            ],
            [
              -43.115212,
              -22.833666
            ],
            [
              -43.115239,
              -22.833557
            ],
            [
              -43.115209,
              -22.833436
            ],
            [
              -43.11467,
              -22.832561
            ],
            [
              -43.114375,
              -22.83218
            ],
            [
              -43.114155,
              -22.832041
            ],
            [
              -43.113892,
              -22.831977
            ],
            [
              -43.113527,
              -22.831982
            ],
            [
              -43.113018,
              -22.831982
            ],
            [
              -43.112706,
              -22.831928
            ],
            [
              -43.112529,
              -22.831849
            ],
            [
              -43.112382,
              -22.831708
            ],
            [
              -43.112084,
              -22.831221
            ],
            [
              -43.11166,
              -22.830716
            ],
            [
              -43.11155,
              -22.830635
            ],
            [
              -43.11136,
              -22.830583
            ],
            [
              -43.110974,
              -22.830548
            ],
            [
              -43.110799,
              -22.83059
            ],
            [
              -43.110148,
              -22.830865
            ],
            [
              -43.110073,
              -22.830912
            ],
            [
              -43.109866,
              -22.831097
            ],
            [
              -43.109775,
              -22.831159
            ],
            [
              -43.109641,
              -22.831191
            ],
            [
              -43.109281,
              -22.831213
            ],
            [
              -43.108754,
              -22.831193
            ],
            [
              -43.108623,
              -22.831203
            ],
            [
              -43.108509,
              -22.831236
            ],
            [
              -43.108388,
              -22.831322
            ],
            [
              -43.107683,
              -22.8321
            ],
            [
              -43.107744,
              -22.832372
            ],
            [
              -43.107992,
              -22.832587
            ],
            [
              -43.108499,
              -22.832719
            ],
            [
              -43.108974,
              -22.832736
            ],
            [
              -43.109305,
              -22.832703
            ],
            [
              -43.109623,
              -22.832689
            ],
            [
              -43.109974,
              -22.832647
            ],
            [
              -43.110134,
              -22.83257
            ],
            [
              -43.110237,
              -22.832415
            ],
            [
              -43.110473,
              -22.832336
            ],
            [
              -43.110752,
              -22.832593
            ],
            [
              -43.110934,
              -22.833137
            ],
            [
              -43.110795,
              -22.833661
            ],
            [
              -43.110589,
              -22.83404
            ],
            [
              -43.11033,
              -22.833954
            ],
            [
              -43.110068,
              -22.834411
            ],
            [
              -43.110113,
              -22.834606
            ],
            [
              -43.110153,
              -22.834868
            ],
            [
              -43.110287,
              -22.835277
            ],
            [
              -43.110416,
              -22.835363
            ],
            [
              -43.110566,
              -22.835466
            ],
            [
              -43.110856,
              -22.835694
            ],
            [
              -43.111003,
              -22.83572
            ],
            [
              -43.111374,
              -22.83552
            ],
            [
              -43.112029,
              -22.834788
            ],
            [
              -43.112507,
              -22.834628
            ],
            [
              -43.112913,
              -22.834632
            ],
            [
              -43.1131,
              -22.834638
            ]
          ]
        ]
      }
    },
    {
      "type": "Feature",
      "id": 251532024,
      "properties": {
        "chave": "natural",
        "valor": "wood"
      },
      "geometry": {
        "type": "Polygon",
        "coordinates": [
          [
            [
              -43.109372,
              -22.837692
            ],
            [
              -43.109461,
              -22.837716
            ],
            [
              -43.109676,
              -22.837464
            ],
            [
              -43.109754,
              -22.837414
            ],
            [
              -43.110231,
              -22.8369
            ],
            [
              -43.110362,
              -22.836728
            ],
            [
              -43.110035,
              -22.836461
            ],
            [
              -43.109941,
              -22.836431
            ],
            [
              -43.109599,
              -22.836322
            ],
            [
              -43.109165,
              -22.836355
            ],
            [
              -43.108989,
              -22.836401
            ],
            [
              -43.108485,
              -22.836831
            ],
            [
              -43.10813,
              -22.837064
            ],
            [
              -43.10785,
              -22.837572
            ],
            [
              -43.107454,
              -22.83814
            ],
            [
              -43.107413,
              -22.838305
            ],
            [
              -43.107134,
              -22.838733
            ],
            [
              -43.107168,
              -22.838878
            ],
            [
              -43.107468,
              -22.839029
            ],
            [
              -43.107608,
              -22.8391
            ],
            [
              -43.107765,
              -22.839095
            ],
            [
              -43.10847,
              -22.838269
            ],
            [
              -43.108533,
              -22.838196
            ],
            [
              -43.108625,
              -22.838088
            ],
            [
              -43.108784,
              -22.837537
            ],
            [
              -43.108924,
              -22.837434
            ],
            [
              -43.109166,
              -22.837529
            ],
            [
              -43.109372,
              -22.837692
            ]
          ]
        ]
      }
    },
    {
      "type": "Feature",
      "id": 253826116,
      "properties": {
        "chave": "landuse",
        "valor": "residential",
        "nome": "Fábrica"
      },
      "geometry": {
        "type": "Polygon",
        "coordinates": [
          [
            [
              -43.09482,
              -22.834578
            ],
            [
              -43.094395,
              -22.833122
            ],
            [
              -43.095217,
              -22.832413
            ],
            [
              -43.097458,
              -22.83368
            ],
            [
              -43.097344,
              -22.833973
            ],
            [
              -43.096247,
              -22.833642
            ],
            [
              -43.096002,
              -22.833642
            ],
            [
              -43.095624,
              -22.833727
            ],
            [
              -43.095331,
              -22.833897
            ],
            [
              -43.09499,
              -22.834001
            ],
            [
              -43.095047,
              -22.834426
            ],
            [
              -43.09482,
              -22.834578
            ]
          ]
        ]
      }
    },
    {
      "type": "Feature",
      "id": 260442289,
      "properties": {
        "chave": "highway",
        "valor": "tertiary",
        "nome": "Via Marginal Governador Mário Covas"
      },
      "geometry": {
        "type": "LineString",
        "coordinates": [
          [
            -43.098264,
            -22.844238
          ],
          [
            -43.098129,
            -22.844225
          ],
          [
            -43.097967,
            -22.844236
          ]
        ]
      }
    },
    {
      "type": "Feature",
      "id": 290395996,
      "properties": {
        "chave": "building",
        "valor": "yes"
      },
      "geometry": {
        "type": "Polygon",
        "coordinates": [
          [
            [
              -43.100465,
              -22.846458
            ],
            [
              -43.100265,
              -22.846665
            ],
            [
              -43.101078,
              -22.847335
            ],
            [
              -43.101278,
              -22.847128
            ],
            [
              -43.100465,
              -22.846458
            ]
          ]
        ]
      }
    },
    {
      "type": "Feature",
      "id": 290395998,
      "properties": {
        "chave": "building",
        "valor": "yes"
      },
      "geometry": {
        "type": "Polygon",
        "coordinates": [
          [
            [
              -43.101468,
              -22.845704
            ],
            [
              -43.101342,
              -22.845842
            ],
            [
              -43.102268,
              -22.846558
            ],
            [
              -43.102393,
              -22.846421
            ],
            [
              -43.101468,
              -22.845704
            ]
          ]
        ]
      }
    },
    {
      "type": "Feature",
      "id": 290396001,
      "properties": {
        "chave": "natural",
        "valor": "wood"
      },
      "geometry": {
        "type": "Polygon",
        "coordinates": [
          [
            [
              -43.096609,
              -22.835678
            ],
            [
              -43.096472,
              -22.83572
            ],
            [
              -43.096465,
              -22.83578
            ],
            [
              -43.096414,
              -22.835848
            ],
            [
              -43.096361,
              -22.835861
            ],
            [
              -43.096254,
              -22.835886
            ],
            [
              -43.096243,
              -22.835889
            ],
            [
              -43.096157,
              -22.835913
            ],
            [
              -43.096051,
              -22.835951
            ],
            [
              -43.095978,
              -22.835965
            ],
            [
              -43.095882,
              -22.835989
            ],
            [
              -43.095788,
              -22.836043
            ],
            [
              -43.095768,
              -22.836108
            ],
            [
              -43.095774,
              -22.836169
            ],
            [
              -43.095759,
              -22.836196
            ],
            [
              -43.095681,
              -22.836173
            ],
            [
              -43.095643,
              -22.836154
            ],
            [
              -43.095497,
              -22.836167
            ],
            [
              -43.095448,
              -22.836153
            ],
            [
              -43.095321,
              -22.836176
            ],
            [
              -43.095163,
              -22.836193
            ],
            [
              -43.095068,
              -22.836243
            ],
            [
              -43.095036,
              -22.836327
            ],
            [
              -43.095081,
              -22.836419
            ],
            [
              -43.095115,
              -22.836472
            ],
            [
              -43.09518,
              -22.836646
            ],
            [
              -43.095178,
              -22.836732
            ],
            [
              -43.095171,
              -22.836825
            ],
            [
              -43.095193,
              -22.836956
            ],
            [
              -43.095207,
              -22.837
            ],
            [
              -43.095193,
              -22.83702
            ],
            [
              -43.095195,
              -22.837058
            ],
            [
              -43.095239,
              -22.8371
            ],
            [
              -43.095272,
              -22.837123
            ],
            [
              -43.095308,
              -22.83719
            ],
            [
              -43.095332,
              -22.837345
            ],
            [
              -43.095295,
              -22.83738
            ],
            [
              -43.095318,
              -22.837441
            ],
            [
              -43.095361,
              -22.837453
            ],
            [
              -43.095378,
              -22.837469
            ],
            [
              -43.09538,
              -22.83751
            ],
            [
              -43.095369,
              -22.837549
            ],
            [
              -43.095351,
              -22.837585
            ],
            [
              -43.095383,
              -22.83763
            ],
            [
              -43.095398,
              -22.837644
            ],
            [
              -43.095389,
              -22.837688
            ],
            [
              -43.095422,
              -22.837719
            ],
            [
              -43.09545,
              -22.837741
            ],
            [
              -43.095428,
              -22.837789
            ],
            [
              -43.095415,
              -22.837841
            ],
            [
              -43.095468,
              -22.837922
            ],
            [
              -43.095509,
              -22.837965
            ],
            [
              -43.095528,
              -22.838049
            ],
            [
              -43.095547,
              -22.838136
            ],
            [
              -43.09554,
              -22.838293
            ],
            [
              -43.095585,
              -22.838411
            ],
            [
              -43.09569,
              -22.838484
            ],
            [
              -43.095724,
              -22.838541
            ],
            [
              -43.095771,
              -22.838521
            ],
            [
              -43.095838,
              -22.838453
            ],
            [
              -43.095901,
              -22.838398
            ],
            [
              -43.096058,
              -22.838458
            ],
            [
              -43.096158,
              -22.838444
            ],
            [
              -43.096259,
              -22.838269
            ],
            [
              -43.096368,
              -22.837993
            ],
            [
              -43.096393,
              -22.837938
            ],
            [
              -43.096474,
              -22.837934
            ],
            [
              -43.096521,
              -22.837981
            ],
            [
              -43.096503,
              -22.838111
            ],
            [
              -43.096433,
              -22.838286
            ],
            [
              -43.096435,
              -22.838393
            ],
            [
              -43.096364,
              -22.838461
            ],
            [
              -43.096413,
              -22.838559
            ],
            [
              -43.096507,
              -22.838616
            ],
            [
              -43.096538,
              -22.838648
            ],
            [
              -43.096543,
              -22.838729
            ],
            [
              -43.096541,
              -22.838791
            ],
            [
              -43.096576,
              -22.838859
            ],
            [
              -43.096539,
              -22.838901
            ],
            [
              -43.096308,
              -22.839034
            ],
            [
              -43.096174,
              -22.839138
            ],
            [
              -43.096055,
              -22.839188
            ],
            [
              -43.096022,
              -22.839254
            ],
            [
              -43.096049,
              -22.839349
            ],
            [
              -43.096098,
              -22.839394
            ],
            [
              -43.096098,
              -22.8393
            ],
            [
              -43.096118,
              -22.839242
            ],
            [
              -43.096144,
              -22.839221
            ],
            [
              -43.096174,
              -22.839211
            ],
            [
              -43.096226,
              -22.839216
            ],
            [
              -43.096695,
              -22.839455
            ],
            [
              -43.096809,
              -22.839346
            ],
            [
              -43.096782,
              -22.839239
            ],
            [
              -43.09672,
              -22.839216
            ],
            [
              -43.096698,
              -22.839168
            ],
            [
              -43.096755,
              -22.839091
            ],
            [
              -43.096879,
              -22.838863
            ],
            [
              -43.096975,
              -22.838806
            ],
            [
              -43.097046,
              -22.838831
            ],
            [
              -43.097141,
              -22.838824
            ],
            [
              -43.097304,
              -22.838721
            ],
            [
              -43.097501,
              -22.838606
            ],
            [
              -43.097722,
              -22.838598
            ],
            [
              -43.097863,
              -22.838626
            ],
            [
              -43.097814,
              -22.838751
            ],
            [
              -43.097606,
              -22.838818
            ],
            [
              -43.097556,
              -22.838879
            ],
            [
              -43.097628,
              -22.838989
            ],
            [
              -43.09766,
              -22.839056
            ],
            [
              -43.097624,
              -22.839129
            ],
            [
              -43.097536,
              -22.839128
            ],
            [
              -43.097402,
              -22.839151
            ],
            [
              -43.09725,
              -22.839203
            ],
            [
              -43.097138,
              -22.839186
            ],
            [
              -43.097055,
              -22.839161
            ],
            [
              -43.097035,
              -22.839249
            ],
            [
              -43.097125,
              -22.839278
            ],
            [
              -43.097114,
              -22.839349
            ],
            [
              -43.097093,
              -22.839426
            ],
            [
              -43.097035,
              -22.839436
            ],
            [
              -43.096966,
              -22.839461
            ],
            [
              -43.09693,
              -22.839491
            ],
            [
              -43.096918,
              -22.839571
            ],
            [
              -43.097352,
              -22.839808
            ],
            [
              -43.097436,
              -22.839831
            ],
            [
              -43.097485,
              -22.839825
            ],
            [
              -43.097518,
              -22.8398
            ],
            [
              -43.097571,
              -22.839671
            ],
            [
              -43.097492,
              -22.839626
            ],
            [
              -43.097425,
              -22.839594
            ],
            [
              -43.097286,
              -22.839607
            ],
            [
              -43.097228,
              -22.839566
            ],
            [
              -43.097203,
              -22.839496
            ],
            [
              -43.097245,
              -22.839431
            ],
            [
              -43.097362,
              -22.839318
            ],
            [
              -43.097471,
              -22.839256
            ],
            [
              -43.097546,
              -22.839246
            ],
            [
              -43.097603,
              -22.839286
            ],
            [
              -43.097575,
              -22.839386
            ],
            [
              -43.097525,
              -22.839472
            ],
            [
              -43.097487,
              -22.839537
            ],
            [
              -43.097505,
              -22.839581
            ],
            [
              -43.097548,
              -22.839617
            ],
            [
              -43.097586,
              -22.839629
            ],
            [
              -43.097876,
              -22.838839
            ],
            [
              -43.098017,
              -22.838219
            ],
            [
              -43.098024,
              -22.838171
            ],
            [
              -43.098012,
              -22.838115
            ],
            [
              -43.09797,
              -22.838047
            ],
            [
              -43.097897,
              -22.837982
            ],
            [
              -43.09786,
              -22.837992
            ],
            [
              -43.09783,
              -22.837991
            ],
            [
              -43.097799,
              -22.837973
            ],
            [
              -43.097788,
              -22.837941
            ],
            [
              -43.097789,
              -22.83789
            ],
            [
              -43.097737,
              -22.837846
            ],
            [
              -43.097659,
              -22.837765
            ],
            [
              -43.097584,
              -22.837718
            ],
            [
              -43.097553,
              -22.837681
            ],
            [
              -43.09749,
              -22.837555
            ],
            [
              -43.097443,
              -22.837445
            ],
            [
              -43.09745,
              -22.837389
            ],
            [
              -43.097473,
              -22.83734
            ],
            [
              -43.097495,
              -22.837303
            ],
            [
              -43.097472,
              -22.83725
            ],
            [
              -43.097399,
              -22.837175
            ],
            [
              -43.097185,
              -22.837009
            ],
            [
              -43.096968,
              -22.836891
            ],
            [
              -43.096919,
              -22.836835
            ],
            [
              -43.096869,
              -22.836667
            ],
            [
              -43.096839,
              -22.836644
            ],
            [
              -43.096794,
              -22.83664
            ],
            [
              -43.096743,
              -22.836668
            ],
            [
              -43.096722,
              -22.83671
            ],
            [
              -43.096711,
              -22.836778
            ],
            [
              -43.096716,
              -22.836864
            ],
            [
              -43.096731,
              -22.836911
            ],
            [
              -43.096763,
              -22.836972
            ],
            [
              -43.096977,
              -22.837116
            ],
            [
              -43.097033,
              -22.837208
            ],
            [
              -43.097063,
              -22.837292
            ],
            [
              -43.097052,
              -22.837516
            ],
            [
              -43.097029,
              -22.837594
            ],
            [
              -43.096993,
              -22.837626
            ],
            [
              -43.096892,
              -22.837654
            ],
            [
              -43.096438,
              -22.837738
            ],
            [
              -43.096273,
              -22.837774
            ],
            [
              -43.096171,
              -22.837784
            ],
            [
              -43.095674,
              -22.837722
            ],
            [
              -43.095611,
              -22.837699
            ],
            [
              -43.095552,
              -22.837639
            ],
            [
              -43.095552,
              -22.837638
            ],
            [
              -43.095362,
              -22.837192
            ],
            [
              -43.095343,
              -22.837113
            ],
            [
              -43.09535,
              -22.837035
            ],
            [
              -43.095405,
              -22.836824
            ],
            [
              -43.095397,
              -22.83673
            ],
            [
              -43.095375,
              -22.836673
            ],
            [
              -43.095253,
              -22.83645
            ],
            [
              -43.095243,
              -22.836406
            ],
            [
              -43.095245,
              -22.836381
            ],
            [
              -43.095279,
              -22.836358
            ],
            [
              -43.095355,
              -22.836348
            ],
            [
              -43.095681,
              -22.836356
            ],
            [
              -43.095791,
              -22.836348
            ],
            [
              -43.095908,
              -22.836317
            ],
            [
              -43.096234,
              -22.836154
            ],
            [
              -43.096451,
              -22.835995
            ],
            [
              -43.096552,
              -22.835899
            ],
            [
              -43.096596,
              -22.835831
            ],
            [
              -43.096615,
              -22.835768
            ],
            [
              -43.096619,
              -22.835715
            ],
            [
              -43.096609,
              -22.835678
            ]
          ]
        ]
      }
    },
    {
      "type": "Feature",
      "id": 291250326,
      "properties": {
        "chave": "man_made",
        "valor": "pier"
      },
      "geometry": {
        "type": "LineString",
        "coordinates": [
          [
            -43.10344,
            -22.846316
          ],
          [
            -43.10355,
            -22.846409
          ]
        ]
      }
    },
    {
      "type": "Feature",
      "id": 291250917,
      "properties": {
        "chave": "landuse",
        "valor": "military",
        "nome": "Ilha das Flores"
      },
      "geometry": {
        "type": "Polygon",
        "coordinates": [
          [
            [
              -43.099342,
              -22.842839
            ],
            [
              -43.099891,
              -22.843069
            ],
            [
              -43.099884,
              -22.843238
            ],
            [
              -43.100369,
              -22.843471
            ],
            [
              -43.100644,
              -22.843577
            ],
            [
              -43.100847,
              -22.84384
            ],
            [
              -43.101058,
              -22.844041
            ],
            [
              -43.101388,
              -22.844177
            ],
            [
              -43.101697,
              -22.844105
            ],
            [
              -43.102154,
              -22.844539
            ],
            [
              -43.102336,
              -22.844986
            ],
            [
              -43.102299,
              -22.84504
            ],
            [
              -43.102351,
              -22.845363
            ],
            [
              -43.102473,
              -22.84578
            ],
            [
              -43.102645,
              -22.846171
            ],
            [
              -43.102724,
              -22.846344
            ],
            [
              -43.102902,
              -22.846715
            ],
            [
              -43.103093,
              -22.847039
            ],
            [
              -43.103285,
              -22.847505
            ],
            [
              -43.103272,
              -22.847576
            ],
            [
              -43.103167,
              -22.847837
            ],
            [
              -43.103131,
              -22.848019
            ],
            [
              -43.103159,
              -22.848165
            ],
            [
              -43.103117,
              -22.848502
            ],
            [
              -43.103484,
              -22.848725
            ],
            [
              -43.10384,
              -22.848975
            ],
            [
              -43.104044,
              -22.849227
            ],
            [
              -43.104136,
              -22.849474
            ],
            [
              -43.104227,
              -22.849946
            ],
            [
              -43.104213,
              -22.850522
            ],
            [
              -43.10391,
              -22.850993
            ],
            [
              -43.103728,
              -22.851092
            ],
            [
              -43.103468,
              -22.85106
            ],
            [
              -43.10306,
              -22.850982
            ],
            [
              -43.102498,
              -22.851027
            ],
            [
              -43.102121,
              -22.850742
            ],
            [
              -43.101465,
              -22.850406
            ],
            [
              -43.101011,
              -22.850023
            ],
            [
              -43.100784,
              -22.849363
            ],
            [
              -43.100573,
              -22.849357
            ],
            [
              -43.10032,
              -22.849169
            ],
            [
              -43.100066,
              -22.849048
            ],
            [
              -43.099858,
              -22.847952
            ],
            [
              -43.099567,
              -22.847143
            ],
            [
              -43.099093,
              -22.846236
            ],
            [
              -43.098994,
              -22.846027
            ],
            [
              -43.098987,
              -22.845855
            ],
            [
              -43.099044,
              -22.84575
            ],
            [
              -43.09916,
              -22.845643
            ],
            [
              -43.099221,
              -22.845506
            ],
            [
              -43.099221,
              -22.845336
            ],
            [
              -43.099164,
              -22.845179
            ],
            [
              -43.098612,
              -22.844517
            ],
            [
              -43.098562,
              -22.84438
            ],
            [
              -43.098608,
              -22.844263
            ],
            [
              -43.098684,
              -22.844289
            ],
            [
              -43.098748,
              -22.844217
            ],
            [
              -43.098661,
              -22.844067
            ],
            [
              -43.09852,
              -22.843966
            ],
            [
              -43.098354,
              -22.843904
            ],
            [
              -43.098226,
              -22.8438
            ],
            [
              -43.098129,
              -22.843842
            ],
            [
              -43.098159,
              -22.843966
            ],
            [
              -43.098123,
              -22.84408
            ],
            [
              -43.097989,
              -22.844168
            ],
            [
              -43.097597,
              -22.843401
            ],
            [
              -43.097445,
              -22.843007
            ],
            [
              -43.097664,
              -22.842895
            ],
            [
              -43.098058,
              -22.842927
            ],
            [
              -43.098135,
              -22.842843
            ],
            [
              -43.098431,
              -22.843051
            ],
            [
              -43.098873,
              -22.843063
            ],
            [
              -43.099342,
              -22.842839
            ]
          ]
        ]
      }
    },
    {
      "type": "Feature",
      "id": 291338754,
      "properties": {
        "chave": "building",
        "valor": "yes"
      },
      "geometry": {
        "type": "Polygon",
        "coordinates": [
          [
            [
              -43.099292,
              -22.844118
            ],
            [
              -43.099111,
              -22.844239
            ],
            [
              -43.099493,
              -22.844724
            ],
            [
              -43.099674,
              -22.844603
            ],
            [
              -43.099292,
              -22.844118
            ]
          ]
        ]
      }
    },
    {
      "type": "Feature",
      "id": 291338755,
      "properties": {
        "chave": "building",
        "valor": "yes"
      },
      "geometry": {
        "type": "Polygon",
        "coordinates": [
          [
            [
              -43.101428,
              -22.844332
            ],
            [
              -43.101383,
              -22.844381
            ],
            [
              -43.101706,
              -22.844634
            ],
            [
              -43.101751,
              -22.844585
            ],
            [
              -43.101428,
              -22.844332
            ]
          ]
        ]
      }
    },
    {
      "type": "Feature",
      "id": 291338756,
      "properties": {
        "chave": "building",
        "valor": "yes"
      },
      "geometry": {
        "type": "Polygon",
        "coordinates": [
          [
            [
              -43.101966,
              -22.844467
            ],
            [
              -43.101804,
              -22.844568
            ],
            [
              -43.102089,
              -22.844957
            ],
            [
              -43.102251,
              -22.844856
            ],
            [
              -43.101966,
              -22.844467
            ]
          ]
        ]
      }
    },
    {
      "type": "Feature",
      "id": 291338758,
      "properties": {
        "chave": "building",
        "valor": "yes"
      },
      "geometry": {
        "type": "Polygon",
        "coordinates": [
          [
            [
              -43.100512,
              -22.844002
            ],
            [
              -43.100415,
              -22.844118
            ],
            [
              -43.101133,
              -22.844627
            ],
            [
              -43.10123,
              -22.844511
            ],
            [
              -43.100512,
              -22.844002
            ]
          ]
        ]
      }
    },
    {
      "type": "Feature",
      "id": 291338759,
      "properties": {
        "chave": "building",
        "valor": "yes"
      },
      "geometry": {
        "type": "Polygon",
        "coordinates": [
          [
            [
              -43.101776,
              -22.847286
            ],
            [
              -43.101688,
              -22.847383
            ],
            [
              -43.101804,
              -22.847472
            ],
            [
              -43.101892,
              -22.847374
            ],
            [
              -43.101776,
              -22.847286
            ]
          ]
        ]
      }
    },
    {
      "type": "Feature",
      "id": 291338761,
      "properties": {
        "chave": "building",
        "valor": "yes"
      },
      "geometry": {
        "type": "Polygon",
        "coordinates": [
          [
            [
              -43.099959,
              -22.8458
            ],
            [
              -43.099859,
              -22.845882
            ],
            [
              -43.099913,
              -22.845939
            ],
            [
              -43.100013,
              -22.845856
            ],
            [
              -43.099959,
              -22.8458
            ]
          ]
        ]
      }
    },
    {
      "type": "Feature",
      "id": 291338762,
      "properties": {
        "chave": "building",
        "valor": "yes"
      },
      "geometry": {
        "type": "Polygon",
        "coordinates": [
          [
            [
              -43.101521,
              -22.847069
            ],
            [
              -43.101347,
              -22.847251
            ],
            [
              -43.101606,
              -22.84746
            ],
            [
              -43.101779,
              -22.847277
            ],
            [
              -43.101521,
              -22.847069
            ]
          ]
        ]
      }
    },
    {
      "type": "Feature",
      "id": 291338763,
      "properties": {
        "chave": "building",
        "valor": "yes"
      },
      "geometry": {
        "type": "Polygon",
        "coordinates": [
          [
            [
              -43.101304,
              -22.847301
            ],
            [
              -43.10123,
              -22.847377
            ],
            [
              -43.101477,
              -22.847583
            ],
            [
              -43.101551,
              -22.847507
            ],
            [
              -43.101304,
              -22.847301
            ]
          ]
        ]
      }
    },
    {
      "type": "Feature",
      "id": 291338766,
      "properties": {
        "chave": "building",
        "valor": "yes"
      },
      "geometry": {
        "type": "Polygon",
        "coordinates": [
          [
            [
              -43.10116,
              -22.846527
            ],
            [
              -43.100973,
              -22.846728
            ],
            [
              -43.101349,
              -22.847025
            ],
            [
              -43.101536,
              -22.846824
            ],
            [
              -43.10116,
              -22.846527
            ]
          ]
        ]
      }
    },
    {
      "type": "Feature",
      "id": 291338768,
      "properties": {
        "chave": "building",
        "valor": "yes"
      },
      "geometry": {
        "type": "Polygon",
        "coordinates": [
          [
            [
              -43.100379,
              -22.843755
            ],
            [
              -43.099621,
              -22.843527
            ],
            [
              -43.099567,
              -22.843682
            ],
            [
              -43.100324,
              -22.84391
            ],
            [
              -43.100379,
              -22.843755
            ]
          ]
        ]
      }
    },
    {
      "type": "Feature",
      "id": 291338769,
      "properties": {
        "chave": "building",
        "valor": "yes"
      },
      "geometry": {
        "type": "Polygon",
        "coordinates": [
          [
            [
              -43.100908,
              -22.845914
            ],
            [
              -43.100834,
              -22.845965
            ],
            [
              -43.100943,
              -22.846099
            ],
            [
              -43.101017,
              -22.846049
            ],
            [
              -43.100908,
              -22.845914
            ]
          ]
        ]
      }
    },
    {
      "type": "Feature",
      "id": 291338771,
      "properties": {
        "chave": "building",
        "valor": "yes"
      },
      "geometry": {
        "type": "Polygon",
        "coordinates": [
          [
            [
              -43.100692,
              -22.845669
            ],
            [
              -43.100465,
              -22.84571
            ],
            [
              -43.100486,
              -22.845809
            ],
            [
              -43.100713,
              -22.845768
            ],
            [
              -43.100692,
              -22.845669
            ]
          ]
        ]
      }
    },
    {
      "type": "Feature",
      "id": 291338773,
      "properties": {
        "chave": "building",
        "valor": "yes"
      },
      "geometry": {
        "type": "Polygon",
        "coordinates": [
          [
            [
              -43.102245,
              -22.845815
            ],
            [
              -43.102051,
              -22.845918
            ],
            [
              -43.102114,
              -22.846019
            ],
            [
              -43.102308,
              -22.845917
            ],
            [
              -43.102245,
              -22.845815
            ]
          ]
        ]
      }
    },
    {
      "type": "Feature",
      "id": 291338774,
      "properties": {
        "chave": "building",
        "valor": "yes"
      },
      "geometry": {
        "type": "Polygon",
        "coordinates": [
          [
            [
              -43.102533,
              -22.846063
            ],
            [
              -43.102405,
              -22.846116
            ],
            [
              -43.102696,
              -22.846714
            ],
            [
              -43.102824,
              -22.846661
            ],
            [
              -43.102533,
              -22.846063
            ]
          ]
        ]
      }
    },
    {
      "type": "Feature",
      "id": 291338776,
      "properties": {
        "chave": "building",
        "valor": "yes"
      },
      "geometry": {
        "type": "Polygon",
        "coordinates": [
          [
            [
              -43.101664,
              -22.845444
            ],
            [
              -43.101464,
              -22.845487
            ],
            [
              -43.101494,
              -22.845606
            ],
            [
              -43.101694,
              -22.845563
            ],
            [
              -43.101664,
              -22.845444
            ]
          ]
        ]
      }
    },
    {
      "type": "Feature",
      "id": 291338780,
      "properties": {
        "chave": "building",
        "valor": "yes"
      },
      "geometry": {
        "type": "Polygon",
        "coordinates": [
          [
            [
              -43.099946,
              -22.844229
            ],
            [
              -43.100582,
              -22.844704
            ],
            [
              -43.100662,
              -22.844612
            ],
            [
              -43.100026,
              -22.844138
            ],
            [
              -43.100122,
              -22.844029
            ],
            [
              -43.100026,
              -22.843957
            ],
            [
              -43.09981,
              -22.844202
            ],
            [
              -43.099906,
              -22.844274
            ],
            [
              -43.099946,
              -22.844229
            ]
          ]
        ]
      }
    },
    {
      "type": "Feature",
      "id": 291338781,
      "properties": {
        "chave": "building",
        "valor": "yes"
      },
      "geometry": {
        "type": "Polygon",
        "coordinates": [
          [
            [
              -43.101452,
              -22.845324
            ],
            [
              -43.101475,
              -22.845425
            ],
            [
              -43.101548,
              -22.84541
            ],
            [
              -43.101553,
              -22.845428
            ],
            [
              -43.101659,
              -22.845402
            ],
            [
              -43.101623,
              -22.845276
            ],
            [
              -43.101517,
              -22.845301
            ],
            [
              -43.10152,
              -22.845311
            ],
            [
              -43.101452,
              -22.845324
            ]
          ]
        ]
      }
    },
    {
      "type": "Feature",
      "id": 291338782,
      "properties": {
        "chave": "highway",
        "valor": "service"
      },
      "geometry": {
        "type": "LineString",
        "coordinates": [
          [
            -43.102473,
            -22.846023
          ],
          [
            -43.102368,
            -22.845848
          ],
          [
            -43.102256,
            -22.845785
          ],
          [
            -43.102152,
            -22.845721
          ],
          [
            -43.102083,
            -22.845628
          ],
          [
            -43.101952,
            -22.845235
          ],
          [
            -43.10184,
            -22.84518
          ],
          [
            -43.101648,
            -22.84521
          ],
          [
            -43.101171,
            -22.845282
          ],
          [
            -43.100848,
            -22.845266
          ],
          [
            -43.100609,
            -22.845262
          ],
          [
            -43.10036,
            -22.845309
          ],
          [
            -43.100162,
            -22.845345
          ]
        ]
      }
    },
    {
      "type": "Feature",
      "id": 291338784,
      "properties": {
        "chave": "highway",
        "valor": "service"
      },
      "geometry": {
        "type": "LineString",
        "coordinates": [
          [
            -43.098438,
            -22.843498
          ],
          [
            -43.099052,
            -22.843144
          ],
          [
            -43.099174,
            -22.84314
          ],
          [
            -43.099326,
            -22.843194
          ],
          [
            -43.099375,
            -22.843295
          ],
          [
            -43.099394,
            -22.84336
          ],
          [
            -43.099425,
            -22.843461
          ],
          [
            -43.099489,
            -22.843686
          ],
          [
            -43.099492,
            -22.843724
          ],
          [
            -43.099516,
            -22.843961
          ],
          [
            -43.099586,
            -22.844074
          ],
          [
            -43.099733,
            -22.844186
          ],
          [
            -43.099989,
            -22.843895
          ]
        ]
      }
    },
    {
      "type": "Feature",
      "id": 291338785,
      "properties": {
        "chave": "highway",
        "valor": "service"
      },
      "geometry": {
        "type": "LineString",
        "coordinates": [
          [
            -43.099394,
            -22.84336
          ],
          [
            -43.099689,
            -22.843358
          ],
          [
            -43.100075,
            -22.843476
          ],
          [
            -43.100666,
            -22.843762
          ],
          [
            -43.100766,
            -22.843848
          ],
          [
            -43.100833,
            -22.843963
          ],
          [
            -43.100941,
            -22.844083
          ],
          [
            -43.101173,
            -22.844258
          ],
          [
            -43.101306,
            -22.844293
          ],
          [
            -43.101397,
            -22.844291
          ],
          [
            -43.101523,
            -22.844288
          ],
          [
            -43.101631,
            -22.844237
          ],
          [
            -43.101838,
            -22.844416
          ]
        ]
      }
    },
    {
      "type": "Feature",
      "id": 291338787,
      "properties": {
        "chave": "highway",
        "valor": "residential",
        "nome": "Avenida Paiva, Neves 1"
      },
      "geometry": {
        "type": "LineString",
        "coordinates": [
          [
            -43.099492,
            -22.843724
          ],
          [
            -43.099672,
            -22.843786
          ],
          [
            -43.099989,
            -22.843895
          ],
          [
            -43.100093,
            -22.843978
          ],
          [
            -43.100117,
            -22.843997
          ],
          [
            -43.100153,
            -22.844027
          ],
          [
            -43.100204,
            -22.844159
          ],
          [
            -43.10073,
            -22.844612
          ],
          [
            -43.100956,
            -22.844731
          ],
          [
            -43.101072,
            -22.844821
          ],
          [
            -43.101234,
            -22.84499
          ],
          [
            -43.101262,
            -22.845116
          ],
          [
            -43.101171,
            -22.845282
          ],
          [
            -43.101198,
            -22.845408
          ],
          [
            -43.101262,
            -22.845694
          ]
        ]
      }
    },
    {
      "type": "Feature",
      "id": 291338788,
      "properties": {
        "chave": "highway",
        "valor": "footway"
      },
      "geometry": {
        "type": "LineString",
        "coordinates": [
          [
            -43.102429,
            -22.847151
          ],
          [
            -43.102524,
            -22.84721
          ],
          [
            -43.102801,
            -22.848058
          ],
          [
            -43.102773,
            -22.848151
          ],
          [
            -43.102704,
            -22.848245
          ],
          [
            -43.102592,
            -22.848297
          ],
          [
            -43.102461,
            -22.848305
          ],
          [
            -43.102349,
            -22.848272
          ],
          [
            -43.102275,
            -22.8482
          ],
          [
            -43.102039,
            -22.847352
          ],
          [
            -43.102056,
            -22.847245
          ],
          [
            -43.102153,
            -22.847155
          ],
          [
            -43.102241,
            -22.84713
          ],
          [
            -43.102343,
            -22.847126
          ],
          [
            -43.102429,
            -22.847151
          ]
        ]
      }
    },
    {
      "type": "Feature",
      "id": 291338791,
      "properties": {
        "chave": "highway",
        "valor": "service"
      },
      "geometry": {
        "type": "LineString",
        "coordinates": [
          [
            -43.101013,
            -22.847416
          ],
          [
            -43.100149,
            -22.846696
          ]
        ]
      }
    },
    {
      "type": "Feature",
      "id": 291338792,
      "properties": {
        "chave": "highway",
        "valor": "service"
      },
      "geometry": {
        "type": "LineString",
        "coordinates": [
          [
            -43.101336,
            -22.847097
          ],
          [
            -43.100447,
            -22.846371
          ]
        ]
      }
    },
    {
      "type": "Feature",
      "id": 291338794,
      "properties": {
        "chave": "highway",
        "valor": "service"
      },
      "geometry": {
        "type": "LineString",
        "coordinates": [
          [
            -43.099465,
            -22.846293
          ],
          [
            -43.099843,
            -22.846982
          ],
          [
            -43.099951,
            -22.847283
          ],
          [
            -43.100276,
            -22.848223
          ],
          [
            -43.100303,
            -22.848362
          ],
          [
            -43.100308,
            -22.848384
          ],
          [
            -43.100396,
            -22.848521
          ],
          [
            -43.100833,
            -22.849082
          ],
          [
            -43.100852,
            -22.849106
          ],
          [
            -43.100871,
            -22.849146
          ],
          [
            -43.101021,
            -22.849476
          ],
          [
            -43.101066,
            -22.849603
          ],
          [
            -43.101156,
            -22.849863
          ],
          [
            -43.101281,
            -22.850018
          ],
          [
            -43.101496,
            -22.850178
          ],
          [
            -43.102253,
            -22.850674
          ],
          [
            -43.102452,
            -22.850804
          ],
          [
            -43.102547,
            -22.850843
          ],
          [
            -43.103121,
            -22.85087
          ],
          [
            -43.10378,
            -22.850816
          ]
        ]
      }
    },
    {
      "type": "Feature",
      "id": 291338799,
      "properties": {
        "chave": "highway",
        "valor": "service"
      },
      "geometry": {
        "type": "LineString",
        "coordinates": [
          [
            -43.100688,
            -22.846098
          ],
          [
            -43.100447,
            -22.846371
          ],
          [
            -43.100149,
            -22.846696
          ],
          [
            -43.100092,
            -22.846799
          ],
          [
            -43.100094,
            -22.846867
          ],
          [
            -43.100008,
            -22.846957
          ],
          [
            -43.099843,
            -22.846982
          ]
        ]
      }
    },
    {
      "type": "Feature",
      "id": 291338800,
      "properties": {
        "chave": "highway",
        "valor": "service"
      },
      "geometry": {
        "type": "LineString",
        "coordinates": [
          [
            -43.099346,
            -22.845209
          ],
          [
            -43.09933,
            -22.84554
          ],
          [
            -43.099225,
            -22.846044
          ],
          [
            -43.099252,
            -22.84613
          ],
          [
            -43.099465,
            -22.846293
          ],
          [
            -43.099763,
            -22.846673
          ],
          [
            -43.100008,
            -22.846957
          ]
        ]
      }
    },
    {
      "type": "Feature",
      "id": 291338806,
      "properties": {
        "chave": "highway",
        "valor": "residential"
      },
      "geometry": {
        "type": "LineString",
        "coordinates": [
          [
            -43.101612,
            -22.846841
          ],
          [
            -43.101764,
            -22.846968
          ],
          [
            -43.101865,
            -22.847144
          ],
          [
            -43.102221,
            -22.848214
          ]
        ]
      }
    },
    {
      "type": "Feature",
      "id": 291338811,
      "properties": {
        "chave": "natural",
        "valor": "beach"
      },
      "geometry": {
        "type": "Polygon",
        "coordinates": [
          [
            [
              -43.102336,
              -22.844986
            ],
            [
              -43.102054,
              -22.845054
            ],
            [
              -43.102175,
              -22.845603
            ],
            [
              -43.102473,
              -22.84578
            ],
            [
              -43.102351,
              -22.845363
            ],
            [
              -43.102299,
              -22.84504
            ],
            [
              -43.102336,
              -22.844986
            ]
          ]
        ]
      }
    },
    {
      "type": "Feature",
      "id": 437966364,
      "properties": {
        "chave": "man_made",
        "valor": "pier"
      },
      "geometry": {
        "type": "LineString",
        "coordinates": [
          [
            -43.102724,
            -22.846344
          ],
          [
            -43.102894,
            -22.846274
          ]
        ]
      }
    },
    {
      "type": "Feature",
      "id": 437966365,
      "properties": {
        "chave": "highway",
        "valor": "service"
      },
      "geometry": {
        "type": "LineString",
        "coordinates": [
          [
            -43.099568,
            -22.848028
          ],
          [
            -43.099401,
            -22.847698
          ],
          [
            -43.099175,
            -22.847192
          ],
          [
            -43.098991,
            -22.846826
          ],
          [
            -43.098799,
            -22.846464
          ],
          [
            -43.098652,
            -22.846182
          ],
          [
            -43.098552,
            -22.845967
          ],
          [
            -43.098452,
            -22.845665
          ]
        ]
      }
    },
    {
      "type": "Feature",
      "id": 691340302,
      "properties": {
        "chave": "man_made",
        "valor": "pier",
        "nome": "Cais Administrativo do CMASM"
      },
      "geometry": {
        "type": "Polygon",
        "coordinates": [
          [
            [
              -43.108072,
              -22.840348
            ],
            [
              -43.107881,
              -22.840661
            ],
            [
              -43.107632,
              -22.840514
            ],
            [
              -43.107672,
              -22.840449
            ],
            [
              -43.107866,
              -22.840555
            ],
            [
              -43.108015,
              -22.840323
            ],
            [
              -43.108072,
              -22.840348
            ]
          ]
        ]
      }
    },
    {
      "type": "Feature",
      "id": 691340303,
      "properties": {
        "chave": "man_made",
        "valor": "pier",
        "nome": "Cais Operativo do CMASM"
      },
      "geometry": {
        "type": "Polygon",
        "coordinates": [
          [
            [
              -43.106545,
              -22.839558
            ],
            [
              -43.106422,
              -22.839739
            ],
            [
              -43.106179,
              -22.839609
            ],
            [
              -43.10622,
              -22.839554
            ],
            [
              -43.106407,
              -22.839655
            ],
            [
              -43.106488,
              -22.839536
            ],
            [
              -43.106517,
              -22.839548
            ],
            [
              -43.106545,
              -22.839558
            ]
          ]
        ]
      }
    },
    {
      "type": "Feature",
      "id": 691340305,
      "properties": {
        "chave": "highway",
        "valor": "service"
      },
      "geometry": {
        "type": "LineString",
        "coordinates": [
          [
            -43.11084,
            -22.836449
          ],
          [
            -43.109529,
            -22.838452
          ],
          [
            -43.109022,
            -22.839226
          ],
          [
            -43.108999,
            -22.839265
          ],
          [
            -43.108758,
            -22.839632
          ],
          [
            -43.108568,
            -22.839927
          ],
          [
            -43.108549,
            -22.839944
          ],
          [
            -43.108522,
            -22.839954
          ],
          [
            -43.108481,
            -22.839962
          ]
        ]
      }
    },
    {
      "type": "Feature",
      "id": 691340306,
      "properties": {
        "chave": "highway",
        "valor": "service"
      },
      "geometry": {
        "type": "LineString",
        "coordinates": [
          [
            -43.108481,
            -22.839962
          ],
          [
            -43.108368,
            -22.839935
          ],
          [
            -43.10773,
            -22.839557
          ],
          [
            -43.106863,
            -22.839083
          ],
          [
            -43.106505,
            -22.838868
          ],
          [
            -43.106356,
            -22.838731
          ]
        ]
      }
    },
    {
      "type": "Feature",
      "id": 691340307,
      "properties": {
        "chave": "highway",
        "valor": "service"
      },
      "geometry": {
        "type": "LineString",
        "coordinates": [
          [
            -43.10773,
            -22.839557
          ],
          [
            -43.108194,
            -22.838842
          ],
          [
            -43.108489,
            -22.838386
          ],
          [
            -43.108596,
            -22.838233
          ],
          [
            -43.108676,
            -22.838118
          ],
          [
            -43.108717,
            -22.838074
          ],
          [
            -43.10875,
            -22.838051
          ],
          [
            -43.108784,
            -22.838045
          ],
          [
            -43.108842,
            -22.838065
          ]
        ]
      }
    },
    {
      "type": "Feature",
      "id": 691340308,
      "properties": {
        "chave": "highway",
        "valor": "service"
      },
      "geometry": {
        "type": "LineString",
        "coordinates": [
          [
            -43.109529,
            -22.838452
          ],
          [
            -43.108842,
            -22.838065
          ]
        ]
      }
    },
    {
      "type": "Feature",
      "id": 691340309,
      "properties": {
        "chave": "highway",
        "valor": "service"
      },
      "geometry": {
        "type": "LineString",
        "coordinates": [
          [
            -43.108999,
            -22.839265
          ],
          [
            -43.108194,
            -22.838842
          ]
        ]
      }
    },
    {
      "type": "Feature",
      "id": 691340313,
      "properties": {
        "chave": "highway",
        "valor": "service"
      },
      "geometry": {
        "type": "LineString",
        "coordinates": [
          [
            -43.106536,
            -22.839531
          ],
          [
            -43.106863,
            -22.839083
          ]
        ]
      }
    },
    {
      "type": "Feature",
      "id": 691340314,
      "properties": {
        "chave": "highway",
        "valor": "service"
      },
      "geometry": {
        "type": "LineString",
        "coordinates": [
          [
            -43.108085,
            -22.840319
          ],
          [
            -43.108368,
            -22.839935
          ]
        ]
      }
    },
    {
      "type": "Feature",
      "id": 691340315,
      "properties": {
        "chave": "highway",
        "valor": "service"
      },
      "geometry": {
        "type": "LineString",
        "coordinates": [
          [
            -43.109022,
            -22.839226
          ],
          [
            -43.10947,
            -22.839456
          ],
          [
            -43.109484,
            -22.839483
          ],
          [
            -43.10949,
            -22.839504
          ],
          [
            -43.109492,
            -22.839538
          ],
          [
            -43.109339,
            -22.839798
          ],
          [
            -43.109309,
            -22.839836
          ],
          [
            -43.109281,
            -22.839853
          ],
          [
            -43.10925,
            -22.839859
          ],
          [
            -43.109196,
            -22.839852
          ],
          [
            -43.108758,
            -22.839632
          ]
        ]
      }
    },
    {
      "type": "Feature",
      "id": 691341700,
      "properties": {
        "chave": "highway",
        "valor": "service"
      },
      "geometry": {
        "type": "LineString",
        "coordinates": [
          [
            -43.106356,
            -22.838731
          ],
          [
            -43.106326,
            -22.838639
          ],
          [
            -43.1063,
            -22.838551
          ],
          [
            -43.106297,
            -22.838441
          ],
          [
            -43.106308,
            -22.838376
          ],
          [
            -43.106344,
            -22.838271
          ],
          [
            -43.107228,
            -22.836914
          ],
          [
            -43.108429,
            -22.835084
          ],
          [
            -43.109823,
            -22.832972
          ]
        ]
      }
    },
    {
      "type": "Feature",
      "id": 691341701,
      "properties": {
        "chave": "highway",
        "valor": "service"
      },
      "geometry": {
        "type": "LineString",
        "coordinates": [
          [
            -43.106213,
            -22.83633
          ],
          [
            -43.107228,
            -22.836914
          ],
          [
            -43.107827,
            -22.837261
          ]
        ]
      }
    },
    {
      "type": "Feature",
      "id": 691341702,
      "properties": {
        "chave": "highway",
        "valor": "service"
      },
      "geometry": {
        "type": "LineString",
        "coordinates": [
          [
            -43.110206,
            -22.836023
          ],
          [
            -43.108429,
            -22.835084
          ],
          [
            -43.107252,
            -22.834378
          ]
        ]
      }
    },
    {
      "type": "Feature",
      "id": 831680512,
      "properties": {
        "chave": "man_made",
        "valor": "pier"
      },
      "geometry": {
        "type": "LineString",
        "coordinates": [
          [
            -43.097003,
            -22.828951
          ],
          [
            -43.097765,
            -22.828415
          ]
        ]
      }
    },
    {
      "type": "Feature",
      "id": 831680513,
      "properties": {
        "chave": "man_made",
        "valor": "pier"
      },
      "geometry": {
        "type": "LineString",
        "coordinates": [
          [
            -43.097745,
            -22.82838
          ],
          [
            -43.096978,
            -22.828921
          ]
        ]
      }
    },
    {
      "type": "Feature",
      "id": 842563540,
      "properties": {
        "chave": "highway",
        "valor": "service"
      },
      "geometry": {
        "type": "LineString",
        "coordinates": [
          [
            -43.096576,
            -22.844597
          ],
          [
            -43.096668,
            -22.844965
          ],
          [
            -43.096796,
            -22.845415
          ],
          [
            -43.096936,
            -22.845962
          ],
          [
            -43.09695,
            -22.845989
          ],
          [
            -43.096973,
            -22.846024
          ],
          [
            -43.097004,
            -22.846047
          ],
          [
            -43.097042,
            -22.846058
          ],
          [
            -43.09715,
            -22.846044
          ],
          [
            -43.097439,
            -22.84592
          ],
          [
            -43.09747,
            -22.845888
          ],
          [
            -43.097477,
            -22.845852
          ],
          [
            -43.09747,
            -22.845822
          ],
          [
            -43.097274,
            -22.845201
          ],
          [
            -43.097179,
            -22.844903
          ]
        ]
      }
    },
    {
      "type": "Feature",
      "id": 965031718,
      "properties": {
        "chave": "waterway",
        "valor": "stream"
      },
      "geometry": {
        "type": "LineString",
        "coordinates": [
          [
            -43.095436,
            -22.837664
          ],
          [
            -43.095552,
            -22.837638
          ],
          [
            -43.0957,
            -22.837451
          ],
          [
            -43.095779,
            -22.837349
          ],
          [
            -43.09606,
            -22.837153
          ],
          [
            -43.09616,
            -22.837111
          ],
          [
            -43.096255,
            -22.837051
          ],
          [
            -43.096382,
            -22.837016
          ],
          [
            -43.096515,
            -22.836888
          ],
          [
            -43.096541,
            -22.83677
          ],
          [
            -43.096591,
            -22.836717
          ],
          [
            -43.096884,
            -22.836539
          ],
          [
            -43.097331,
            -22.836311
          ],
          [
            -43.097605,
            -22.836195
          ]
        ]
      }
    },
    {
      "type": "Feature",
      "id": 969689023,
      "properties": {
        "chave": "highway",
        "valor": "service"
      },
      "geometry": {
        "type": "LineString",
        "coordinates": [
          [
            -43.096916,
            -22.830483
          ],
          [
            -43.096977,
            -22.830499
          ],
          [
            -43.098037,
            -22.830795
          ]
        ]
      }
    },
    {
      "type": "Feature",
      "id": 969979185,
      "properties": {
        "chave": "highway",
        "valor": "residential"
      },
      "geometry": {
        "type": "LineString",
        "coordinates": [
          [
            -43.096829,
            -22.850318
          ],
          [
            -43.096843,
            -22.849687
          ],
          [
            -43.096876,
            -22.849661
          ],
          [
            -43.097831,
            -22.84968
          ],
          [
            -43.098476,
            -22.849701
          ],
          [
            -43.099432,
            -22.849825
          ],
          [
            -43.099489,
            -22.849788
          ],
          [
            -43.099503,
            -22.849718
          ],
          [
            -43.099416,
            -22.849137
          ],
          [
            -43.099347,
            -22.848653
          ],
          [
            -43.099208,
            -22.847988
          ],
          [
            -43.099177,
            -22.847856
          ],
          [
            -43.098941,
            -22.847321
          ],
          [
            -43.098744,
            -22.846903
          ]
        ]
      }
    },
    {
      "type": "Feature",
      "id": 1097515110,
      "properties": {
        "chave": "natural",
        "valor": "coastline"
      },
      "geometry": {
        "type": "LineString",
        "coordinates": [
          [
            -43.09704,
            -22.840606
          ],
          [
            -43.097155,
            -22.840953
          ],
          [
            -43.097179,
            -22.841109
          ],
          [
            -43.097147,
            -22.841746
          ],
          [
            -43.097168,
            -22.841989
          ],
          [
            -43.097206,
            -22.842144
          ],
          [
            -43.097664,
            -22.842895
          ],
          [
            -43.098058,
            -22.842927
          ],
          [
            -43.098135,
            -22.842843
          ],
          [
            -43.098431,
            -22.843051
          ],
          [
            -43.098873,
            -22.843063
          ],
          [
            -43.099342,
            -22.842839
          ],
          [
            -43.099891,
            -22.843069
          ],
          [
            -43.099884,
            -22.843238
          ],
          [
            -43.100369,
            -22.843471
          ],
          [
            -43.100644,
            -22.843577
          ],
          [
            -43.100847,
            -22.84384
          ],
          [
            -43.101058,
            -22.844041
          ],
          [
            -43.101388,
            -22.844177
          ],
          [
            -43.101697,
            -22.844105
          ],
          [
            -43.102154,
            -22.844539
          ],
          [
            -43.102336,
            -22.844986
          ],
          [
            -43.102299,
            -22.84504
          ],
          [
            -43.102351,
            -22.845363
          ],
          [
            -43.102473,
            -22.84578
          ],
          [
            -43.102645,
            -22.846171
          ],
          [
            -43.102724,
            -22.846344
          ],
          [
            -43.102902,
            -22.846715
          ],
          [
            -43.103093,
            -22.847039
          ],
          [
            -43.103285,
            -22.847505
          ],
          [
            -43.103272,
            -22.847576
          ],
          [
            -43.103167,
            -22.847837
          ],
          [
            -43.103131,
            -22.848019
          ],
          [
            -43.103159,
            -22.848165
          ],
          [
            -43.103117,
            -22.848502
          ],
          [
            -43.103484,
            -22.848725
          ],
          [
            -43.10384,
            -22.848975
          ],
          [
            -43.104044,
            -22.849227
          ],
          [
            -43.104136,
            -22.849474
          ],
          [
            -43.104227,
            -22.849946
          ],
          [
            -43.104213,
            -22.850522
          ],
          [
            -43.10391,
            -22.850993
          ],
          [
            -43.103728,
            -22.851092
          ],
          [
            -43.103468,
            -22.85106
          ],
          [
            -43.10306,
            -22.850982
          ],
          [
            -43.102498,
            -22.851027
          ],
          [
            -43.102121,
            -22.850742
          ],
          [
            -43.101465,
            -22.850406
          ],
          [
            -43.101011,
            -22.850023
          ],
          [
            -43.10091,
            -22.849713
          ],
          [
            -43.100784,
            -22.849363
          ],
          [
            -43.100573,
            -22.849357
          ],
          [
            -43.10032,
            -22.849169
          ],
          [
            -43.100419,
            -22.849414
          ],
          [
            -43.10042,
            -22.849461
          ],
          [
            -43.100427,
            -22.849846
          ],
          [
            -43.100371,
            -22.850598
          ],
          [
            -43.100401,
            -22.850791
          ],
          [
            -43.100868,
            -22.851889
          ],
          [
            -43.101669,
            -22.853215
          ],
          [
            -43.102297,
            -22.854122
          ],
          [
            -43.102584,
            -22.854524
          ],
          [
            -43.10266,
            -22.854604
          ],
          [
            -43.102757,
            -22.854671
          ],
          [
            -43.102988,
            -22.854775
          ],
          [
            -43.103012,
            -22.85481
          ],
          [
            -43.103014,
            -22.854834
          ],
          [
            -43.103001,
            -22.854861
          ],
          [
            -43.102707,
            -22.854959
          ],
          [
            -43.102697,
            -22.855036
          ]
        ]
      }
    },
    {
      "type": "Feature",
      "id": 1097515119,
      "properties": {
        "chave": "natural",
        "valor": "coastline"
      },
      "geometry": {
        "type": "LineString",
        "coordinates": [
          [
            -43.095606,
            -22.834965
          ],
          [
            -43.09566,
            -22.835004
          ],
          [
            -43.095692,
            -22.835056
          ],
          [
            -43.0957,
            -22.835108
          ],
          [
            -43.095678,
            -22.835143
          ],
          [
            -43.095618,
            -22.835164
          ],
          [
            -43.095507,
            -22.835175
          ],
          [
            -43.095218,
            -22.835191
          ],
          [
            -43.095142,
            -22.835215
          ],
          [
            -43.095087,
            -22.835267
          ],
          [
            -43.095071,
            -22.835334
          ],
          [
            -43.095072,
            -22.835417
          ],
          [
            -43.095143,
            -22.835732
          ],
          [
            -43.095164,
            -22.83581
          ],
          [
            -43.095198,
            -22.835847
          ],
          [
            -43.095275,
            -22.835871
          ],
          [
            -43.095391,
            -22.835866
          ],
          [
            -43.095945,
            -22.835678
          ],
          [
            -43.096331,
            -22.835486
          ],
          [
            -43.096396,
            -22.835478
          ],
          [
            -43.096448,
            -22.835486
          ],
          [
            -43.096484,
            -22.835503
          ],
          [
            -43.096609,
            -22.835678
          ],
          [
            -43.096619,
            -22.835715
          ],
          [
            -43.096615,
            -22.835768
          ],
          [
            -43.096596,
            -22.835831
          ],
          [
            -43.096552,
            -22.835899
          ],
          [
            -43.096451,
            -22.835995
          ],
          [
            -43.096234,
            -22.836154
          ],
          [
            -43.095908,
            -22.836317
          ],
          [
            -43.095791,
            -22.836348
          ],
          [
            -43.095681,
            -22.836356
          ],
          [
            -43.095355,
            -22.836348
          ],
          [
            -43.095279,
            -22.836358
          ],
          [
            -43.095245,
            -22.836381
          ],
          [
            -43.095243,
            -22.836406
          ],
          [
            -43.095253,
            -22.83645
          ],
          [
            -43.095375,
            -22.836673
          ],
          [
            -43.095397,
            -22.83673
          ],
          [
            -43.095405,
            -22.836824
          ],
          [
            -43.09535,
            -22.837035
          ],
          [
            -43.095343,
            -22.837113
          ],
          [
            -43.095362,
            -22.837192
          ],
          [
            -43.095552,
            -22.837638
          ],
          [
            -43.095552,
            -22.837639
          ],
          [
            -43.095611,
            -22.837699
          ],
          [
            -43.095674,
            -22.837722
          ],
          [
            -43.096171,
            -22.837784
          ],
          [
            -43.096273,
            -22.837774
          ],
          [
            -43.096438,
            -22.837738
          ],
          [
            -43.096892,
            -22.837654
          ],
          [
            -43.096993,
            -22.837626
          ],
          [
            -43.097029,
            -22.837594
          ],
          [
            -43.097052,
            -22.837516
          ],
          [
            -43.097063,
            -22.837292
          ],
          [
            -43.097033,
            -22.837208
          ],
          [
            -43.096977,
            -22.837116
          ],
          [
            -43.096763,
            -22.836972
          ],
          [
            -43.096731,
            -22.836911
          ],
          [
            -43.096716,
            -22.836864
          ],
          [
            -43.096711,
            -22.836778
          ],
          [
            -43.096722,
            -22.83671
          ],
          [
            -43.096743,
            -22.836668
          ],
          [
            -43.096794,
            -22.83664
          ],
          [
            -43.096839,
            -22.836644
          ],
          [
            -43.096869,
            -22.836667
          ],
          [
            -43.096919,
            -22.836835
          ],
          [
            -43.096968,
            -22.836891
          ],
          [
            -43.097185,
            -22.837009
          ],
          [
            -43.097399,
            -22.837175
          ],
          [
            -43.097472,
            -22.83725
          ],
          [
            -43.097495,
            -22.837303
          ],
          [
            -43.097514,
            -22.837428
          ],
          [
            -43.097563,
            -22.837587
          ],
          [
            -43.097659,
            -22.837765
          ],
          [
            -43.097737,
            -22.837846
          ],
          [
            -43.097789,
            -22.83789
          ],
          [
            -43.097897,
            -22.837982
          ],
          [
            -43.09797,
            -22.838047
          ],
          [
            -43.098012,
            -22.838115
          ],
          [
            -43.098024,
            -22.838171
          ],
          [
            -43.098017,
            -22.838219
          ],
          [
            -43.097876,
            -22.838839
          ],
          [
            -43.097586,
            -22.839629
          ],
          [
            -43.097571,
            -22.839671
          ],
          [
            -43.097518,
            -22.8398
          ],
          [
            -43.097485,
            -22.839825
          ],
          [
            -43.097436,
            -22.839831
          ],
          [
            -43.097352,
            -22.839808
          ],
          [
            -43.096918,
            -22.839571
          ],
          [
            -43.096695,
            -22.839455
          ],
          [
            -43.096226,
            -22.839216
          ],
          [
            -43.096174,
            -22.839211
          ],
          [
            -43.096144,
            -22.839221
          ],
          [
            -43.096118,
            -22.839242
          ],
          [
            -43.096098,
            -22.8393
          ],
          [
            -43.096098,
            -22.839394
          ],
          [
            -43.096125,
            -22.839585
          ],
          [
            -43.096172,
            -22.839733
          ],
          [
            -43.096188,
            -22.839785
          ],
          [
            -43.096278,
            -22.840069
          ],
          [
            -43.096348,
            -22.840145
          ],
          [
            -43.096434,
            -22.840193
          ],
          [
            -43.096497,
            -22.840198
          ],
          [
            -43.097113,
            -22.840044
          ],
          [
            -43.097187,
            -22.840046
          ],
          [
            -43.097236,
            -22.840068
          ],
          [
            -43.097282,
            -22.840124
          ],
          [
            -43.097437,
            -22.840407
          ],
          [
            -43.09745,
            -22.840461
          ],
          [
            -43.09743,
            -22.840523
          ],
          [
            -43.097384,
            -22.840551
          ],
          [
            -43.097085,
            -22.84051
          ],
          [
            -43.09705,
            -22.840518
          ],
          [
            -43.09704,
            -22.840544
          ],
          [
            -43.09704,
            -22.840606
          ]
        ]
      }
    },
    {
      "type": "Feature",
      "id": 1191285498,
      "properties": {
        "chave": "highway",
        "valor": "service"
      },
      "geometry": {
        "type": "LineString",
        "coordinates": [
          [
            -43.110206,
            -22.836023
          ],
          [
            -43.11084,
            -22.836449
          ]
        ]
      }
    },
    {
      "type": "Feature",
      "id": 1226330559,
      "properties": {
        "chave": "highway",
        "valor": "tertiary",
        "nome": "Via Marginal Governador Mário Covas"
      },
      "geometry": {
        "type": "LineString",
        "coordinates": [
          [
            -43.097967,
            -22.844236
          ],
          [
            -43.098243,
            -22.844044
          ]
        ]
      }
    },
    {
      "type": "Feature",
      "id": 1275057099,
      "properties": {
        "chave": "highway",
        "valor": "motorway",
        "nome": "Rodovia Governador Mário Covas"
      },
      "geometry": {
        "type": "LineString",
        "coordinates": [
          [
            -43.097678,
            -22.844157
          ],
          [
            -43.097574,
            -22.843946
          ],
          [
            -43.097223,
            -22.843269
          ],
          [
            -43.097169,
            -22.843146
          ]
        ]
      }
    },
    {
      "type": "Feature",
      "id": 1424693447,
      "properties": {
        "chave": "barrier",
        "valor": "fence",
        "nome": "AV"
      },
      "geometry": {
        "type": "LineString",
        "coordinates": [
          [
            -43.107995,
            -22.832771
          ],
          [
            -43.106857,
            -22.833536
          ],
          [
            -43.105071,
            -22.834779
          ],
          [
            -43.105252,
            -22.835334
          ],
          [
            -43.105487,
            -22.835987
          ],
          [
            -43.10567,
            -22.836523
          ],
          [
            -43.105844,
            -22.836791
          ],
          [
            -43.106161,
            -22.837368
          ],
          [
            -43.106118,
            -22.837889
          ],
          [
            -43.106307,
            -22.838749
          ],
          [
            -43.106509,
            -22.839036
          ],
          [
            -43.106835,
            -22.839226
          ],
          [
            -43.107121,
            -22.839374
          ],
          [
            -43.10719,
            -22.839251
          ],
          [
            -43.107323,
            -22.83903
          ],
          [
            -43.107184,
            -22.838914
          ],
          [
            -43.107141,
            -22.838881
          ],
          [
            -43.107106,
            -22.838729
          ],
          [
            -43.107413,
            -22.838305
          ],
          [
            -43.107454,
            -22.83814
          ],
          [
            -43.10785,
            -22.837572
          ],
          [
            -43.10813,
            -22.837064
          ],
          [
            -43.108485,
            -22.836831
          ],
          [
            -43.108989,
            -22.836401
          ],
          [
            -43.109165,
            -22.836355
          ],
          [
            -43.109599,
            -22.836322
          ],
          [
            -43.109941,
            -22.836431
          ],
          [
            -43.110206,
            -22.836023
          ],
          [
            -43.110507,
            -22.835545
          ],
          [
            -43.110374,
            -22.835462
          ],
          [
            -43.110177,
            -22.83533
          ],
          [
            -43.110054,
            -22.834898
          ],
          [
            -43.109948,
            -22.834487
          ],
          [
            -43.109996,
            -22.834406
          ],
          [
            -43.110372,
            -22.83373
          ],
          [
            -43.110372,
            -22.832847
          ],
          [
            -43.108416,
            -22.832751
          ],
          [
            -43.108131,
            -22.832755
          ],
          [
            -43.107995,
            -22.832771
          ]
        ]
      }
    },
    {
      "type": "Feature",
      "id": 1435568651,
      "properties": {
        "chave": "man_made",
        "valor": "pumping_station",
        "nome": "CB01"
      },
      "geometry": {
        "type": "Polygon",
        "coordinates": [
          [
            [
              -43.107563,
              -22.839842
            ],
            [
              -43.10754,
              -22.839881
            ],
            [
              -43.107494,
              -22.839852
            ],
            [
              -43.107519,
              -22.839814
            ],
            [
              -43.107538,
              -22.839826
            ],
            [
              -43.107563,
              -22.839842
            ]
          ]
        ]
      }
    },
    {
      "type": "Feature",
      "id": 1435568655,
      "properties": {
        "chave": "highway",
        "valor": "path"
      },
      "geometry": {
        "type": "LineString",
        "coordinates": [
          [
            -43.108533,
            -22.838196
          ],
          [
            -43.108596,
            -22.838233
          ]
        ]
      }
    },
    {
      "type": "Feature",
      "id": 1452820220,
      "properties": {
        "chave": "building",
        "valor": "yes"
      },
      "geometry": {
        "type": "Polygon",
        "coordinates": [
          [
            [
              -43.109399,
              -22.839468
            ],
            [
              -43.109149,
              -22.839338
            ],
            [
              -43.108933,
              -22.839635
            ],
            [
              -43.10919,
              -22.839786
            ],
            [
              -43.109252,
              -22.839694
            ],
            [
              -43.109283,
              -22.839713
            ],
            [
              -43.109389,
              -22.839567
            ],
            [
              -43.109344,
              -22.839539
            ],
            [
              -43.109399,
              -22.839468
            ]
          ]
        ]
      }
    },
    {
      "type": "Feature",
      "id": 1466284883,
      "properties": {
        "chave": "man_made",
        "valor": "pipeline"
      },
      "geometry": {
        "type": "LineString",
        "coordinates": [
          [
            -43.100451,
            -22.845274
          ],
          [
            -43.099956,
            -22.844731
          ],
          [
            -43.099311,
            -22.843735
          ],
          [
            -43.099597,
            -22.842911
          ]
        ]
      }
    },
    {
      "type": "Feature",
      "id": 1466284885,
      "properties": {
        "chave": "man_made",
        "valor": "pipeline"
      },
      "geometry": {
        "type": "LineString",
        "coordinates": [
          [
            -43.108169,
            -22.838264
          ],
          [
            -43.108771,
            -22.837302
          ],
          [
            -43.109227,
            -22.837102
          ]
        ]
      }
    },
    {
      "type": "Feature",
      "id": 1470113975,
      "properties": {
        "chave": "man_made",
        "valor": "pipeline"
      },
      "geometry": {
        "type": "LineString",
        "coordinates": [
          [
            -43.10794,
            -22.838119
          ],
          [
            -43.107937,
            -22.838178
          ],
          [
            -43.10783,
            -22.838177
          ]
        ]
      }
    },
    {
      "type": "Feature",
      "id": 1470113976,
      "properties": {
        "chave": "man_made",
        "valor": "pipeline"
      },
      "geometry": {
        "type": "LineString",
        "coordinates": [
          [
            -43.10794,
            -22.838119
          ],
          [
            -43.107937,
            -22.838178
          ],
          [
            -43.107936,
            -22.838265
          ],
          [
            -43.107826,
            -22.838264
          ]
        ]
      }
    },
    {
      "type": "Feature",
      "id": 1476874363,
      "properties": {
        "chave": "highway",
        "valor": "service"
      },
      "geometry": {
        "type": "LineString",
        "coordinates": [
          [
            -43.098156,
            -22.845818
          ],
          [
            -43.098469,
            -22.84638
          ]
        ]
      }
    },
    {
      "type": "Feature",
      "id": 1476874364,
      "properties": {
        "chave": "highway",
        "valor": "service"
      },
      "geometry": {
        "type": "LineString",
        "coordinates": [
          [
            -43.097811,
            -22.846464
          ],
          [
            -43.097366,
            -22.84669
          ]
        ]
      }
    },
    {
      "type": "Feature",
      "id": 1476874365,
      "properties": {
        "chave": "highway",
        "valor": "service"
      },
      "geometry": {
        "type": "LineString",
        "coordinates": [
          [
            -43.098469,
            -22.84638
          ],
          [
            -43.09792,
            -22.846656
          ],
          [
            -43.097656,
            -22.846788
          ]
        ]
      }
    },
    {
      "type": "Feature",
      "id": 1476874366,
      "properties": {
        "chave": "highway",
        "valor": "service"
      },
      "geometry": {
        "type": "LineString",
        "coordinates": [
          [
            -43.098426,
            -22.847548
          ],
          [
            -43.09792,
            -22.846656
          ],
          [
            -43.097811,
            -22.846464
          ],
          [
            -43.097597,
            -22.846087
          ]
        ]
      }
    },
    {
      "type": "Feature",
      "id": 1481621428,
      "properties": {
        "chave": "man_made",
        "valor": "pipeline"
      },
      "geometry": {
        "type": "LineString",
        "coordinates": [
          [
            -43.106224,
            -22.83878
          ],
          [
            -43.10759,
            -22.839604
          ],
          [
            -43.107986,
            -22.839036
          ]
        ]
      }
    },
    {
      "type": "Feature",
      "id": 1481621429,
      "properties": {
        "chave": "man_made",
        "valor": "pipeline"
      },
      "geometry": {
        "type": "LineString",
        "coordinates": [
          [
            -43.108069,
            -22.838913
          ],
          [
            -43.108344,
            -22.83851
          ]
        ]
      }
    },
    {
      "type": "Feature",
      "id": 1481621430,
      "properties": {
        "chave": "man_made",
        "valor": "pipeline"
      },
      "geometry": {
        "type": "LineString",
        "coordinates": [
          [
            -43.108395,
            -22.838426
          ],
          [
            -43.108179,
            -22.838298
          ]
        ]
      }
    },
    {
      "type": "Feature",
      "id": 1481627767,
      "properties": {
        "chave": "man_made",
        "valor": "pipeline"
      },
      "geometry": {
        "type": "LineString",
        "coordinates": [
          [
            -43.109227,
            -22.837261
          ],
          [
            -43.109226,
            -22.837183
          ]
        ]
      }
    },
    {
      "type": "Feature",
      "id": 1481627768,
      "properties": {
        "chave": "man_made",
        "valor": "pipeline"
      },
      "geometry": {
        "type": "LineString",
        "coordinates": [
          [
            -43.109227,
            -22.837261
          ],
          [
            -43.109227,
            -22.83735
          ]
        ]
      }
    }
  ]
}
